hXxN8h9_XXt4vqWVD6VJNg	87
m7UE-3UEVH0xzjzN9jZ2rQ	850
CVfF-KfhXlh5GOQAUDMTrQ	1822
vl1FXMGvIvA3wF78f6u-aw	979
1BKX1sVSaVpNaXMGxOyjUA	1579
iSvvhQDAL8T_bDheKaVgNA	1242
9b7zJ0opAxhqdqMKTAmgOA	1526
irykVoCgH393QZTXYbgdwA	568
07x1nr2hla5ODaJeLLEPIw	1324
NVoSQgeP-EEstYqI2jAFEA	23
8Q15MkHpK9szYg_8WAaZSw	150
nxZm9O5yju_tSTj0sI6dqw	408
iew5lGWb-kGRRDSMii_QTw	644
0JYWsiBQfHnrEjKJhIiULA	275
UKGVeIzb9j2mJiLlBmLhrg	1903
Xz-ab3qbgiWgI2xFNt2DlQ	370
8VuoEIbt6CUIs-IFg6lCWw	1676
xyVht40ggkb3xNf8AdQ5rA	654
5ehlqZy6iljNbNB58Cf53A	1344
gu__VhXIhPsVGY4nmDu9lA	638
qTs_GibdRA1daay6D3rrbQ	795
haYMlQAttei_ZaIMDZZ3TQ	1562
QxeGfwMFcD8VL6-TwVTibg	606
RWXAq51RpvCNw8kYKK0BEw	1458
4sCNqow8kIIblhzZN1CqYQ	2414
ltFjEnf5vN6m_FxIwy6aZA	584
AGWHeXz_g9x9pBbfIJ0QDQ	1338
mmqmkfMhieEwFEOqx7h8QQ	2234
2I2rwgkdluT9JwP8R_Cvuw	2351
nk0cny1-qsIWGUSIKdRLqQ	1771
APBmVrm7jkU4x4TqIOnoxA	1300
_tHSAp8CgI14if0rnD2aHw	625
10mKM3uXbOW7oiCdOFMLLA	721
RmRH4H7hG3kswP10IqyAGA	1132
HO-BsGw-J0lQoVqaOt71Bw	272
gUiJbWJZy2m_QPuWHEEtwA	494
TuoojK2-D5osU8b0mxSpLw	1573
s9bhUJz4hXumIpNcCFveGw	1669
14eTpXtZUBBcFPCbPk-A8Q	422
ZdkzBEMzY1DL4-snIRZThQ	1377
G2LN4vVg2LWWujhHAoUlTQ	1553
yuZVHoXDrlcelQf0_qMhig	1872
iAYyvtLw6Rn9PjHTLlX4yQ	2448
4zMdi-T4nfSfAFGgrD-m3w	2457
yEFDwHcwbkz8OMEH1ol6vg	313
7nBaZJeFdSLVKWEX3O01yQ	788
wU604FemmJCk10gAxJeWrg	837
x7MuDejWhx6Gd6XtmgvSKw	1213
0oEob8BaVSWIJrSkV8c4ZQ	2055
eaIHxfMQ7PHuA0Q9ynwRGw	358
CHvjmzPAqEaa3kA-3Qz06g	632
xLpwCQEMunzOO98oVdoiyA	1568
o6V24bebb_aXTw0b9ZPX6g	69
ntLz48LQ6RHVM76aQSwk6g	2543
OSeLWQbD4qNxsUlT9rreVg	509
IrXIjsQZ46Ak0QyY0rcgIg	2077
iDcNIuL-RS8jbo9hTs_1hg	689
1FtscMt1QNVoY8mKftnlVA	1399
QPqqrVmlhOYooVwZe2950w	2086
18B4dQAfbFyZHLA_iKVhUA	255
AYRMTgVx-urzATsIrtB2ZA	1622
xWiLmkuiVwDnrutAJE3SIA	2269
A3ZwRE-TXDz0ub9Pc6StCg	1052
_REUlMsYrEgnHSp9QQLpRA	1589
uHXCYcfvarRQUQfI-ugF5w	1845
Au61OCf7NspbBHH3-nyM_w	246
26kryfNODpGZ0GjrV1b1Yg	2260
JP0Q-ZQdXAfgmbusJqrAhw	2412
B_fzhbGSKRWl63kUby3OHw	1493
G5uiPCZi9M3rew_w8zFIkg	1863
IJTbi3m7imhmf_vkJI6fng	2552
oIHEAsUVriWVyI77uVr_qw	264
SzWa-1coGkQiy5CRuTvyMA	706
ZRpt35TWShJclNpPUVmoqA	316
2yo5uaweFNkfHXtCLd-4mA	1927
wXaEiD3_-bDoWx4XwUL0dA	2035
202s0n8zbKl-DeitiLYyXA	1963
QivBOOyM8SdTzcXby4yByw	7
ziXx3z0gD4kgN3qUyWoQQA	458
BlM8bLApxtZW5kio0N8cAQ	2413
NVrDFS0RL4TmduFx7CRnzA	46
LE0l82pfaPYz2BsdDPt2aA	939
IMbd_761a2q3B-4YXx-WAg	1701
Qi6T3FRjOzargC0R0VzJnQ	1376
AfkrK8KjlenPq18r-QUQHw	1653
CFQrKjOBB_3OLvoy8j_cfQ	1089
_1JQ34ufB7WWNGj1gntmLw	2196
lrPBUvzLIJSbbM1G0F8xGA	846
9-XgAc0aJl2_doHGzcKndQ	916
IL5FVdxm5DrtbbK9SKBvIw	74
tmc-7hMJ4fqavhSDcu89BQ	929
rRfwlGta4MBSdYHqkPVf1w	1847
kkCUBM9m2gGyBfN5neE84g	1853
WaAymQRPw2Ae-Q5hvzFXBg	72
uTcT-Nh7b8xuzJJzdFWdWQ	2499
udmiuZTgC3Q6wIifnG3U_Q	558
y4Y8xDf0JalXyxYulWq4wQ	68
Fn1ftrSm9L8tYpxNqsN5cw	764
qlqYC0hwSGKGW8hZDA-Hcg	2117
Z881pcGvFPzPJIzjQww8YA	1867
ikos5LQtdhBotbtIMJHAwA	711
oMLlJ76rpLiYq44tPWALUA	1301
-5Twe-MbnUtTmTJJGQoAMQ	2391
wAERZl5M932j_7ClPkBbpA	2009
9eisRM6A1FsVVJUqopHRVQ	798
saZCSwAlBEs-KaV2LhMb2g	800
EE6yEZbz_1dcyMocve3-7w	360
7oRz3Ni1BygNS5un-dzGtg	1094
V4y1vv-fcSQWysltAjM8xA	1268
dju_A4takq3JMKSBcX_msw	1571
1c3upNARi6eKZaHJRdPYAg	1784
2m3ctzLcvJrMHxtejjCxyQ	144
Xn1dcSHA_4L-WTFON7WAlw	1314
frmIis_GGNWRVidS8IhJ8g	1065
FOYeVRe4hYl-cZjnXQ0Z5A	2419
Z4KUUQ9iMX4TqYF9FhwcHA	2396
YDA4inR7kgbLC9_0Fml1CA	323
FhJ0ghddYXGEG_q9QcrFXA	733
tl5xYNalLGwA7G2Ets4IqQ	1941
WmNu93AX9JSTPYQ1VsrzuA	2008
dCImMgGwh0BymlWpnmCTxQ	2118
REtj8oh7W3D5Icdo8WRKWw	2346
G9_p30O-ADae1TjXhrlIRg	277
OX-tXbLwiwBRxV8vIJMIkA	781
pzlZEfm8xdE1TYIsMzOvkw	935
dzO0_v0x0MdsOijW6GWFsg	1523
bBhFtl5vm4-f3RdNHOc4PA	1072
T-NafsUvdbtGTSgG_L7XSg	326
MRr38naOSULdXxjJ6P8XFQ	2317
LgUayG6c-0wlftu5ntMafw	42
TgtTNsE9_Z_Oj5PgPoYnvQ	1973
FETg4nL1-V_HOGJU5EFY-w	2487
mnM7iMTPuKOsHmhQOb2pYQ	2461
C9W-jQ1ZR1nJ0jruByXY5Q	2366
0WuF3vebLe6lPAYnYMWrnA	815
zJ2vdk-2zwM-H7h_z6IQRg	1737
nQYmJge4lHepAi9bWjRtyQ	1091
7sovU1KP5v4H_gJ476z_vQ	855
jaIiPkfV_kJv2Wj5s7NFZw	1195
h3SR15EfTClHblvD19JR4g	431
btR2zamWlskNVSog6b5j6w	2085
dv4NLvKYWlTGzj89WxlZZw	172
hjFbLxDH_WGhMMnn-bjnmw	149
sr4VxA_4tPCigoF3u-_tZQ	336
Wx4Gh9CGEaETdLEDQrER0A	1964
_BrfCHWfBCsJvnQnw6QV7A	1064
rrtoFzdbj4wniLw6LkdYng	1794
1umYhblsdabI_AeMfLjhtQ	1898
7YLs10aJhfANClo39hcQ5Q	11
ZuM4s4MtiItJLu-Er-f5fQ	196
m7uzBJ0yPXZkKllOEa0yDQ	492
LsxSOcSlOw5Jt4FAggaqGg	1234
Xq9xqVrkn2iIhkE0sl_Gyg	2532
m9_WfAraCcJlkLmv6QEizA	1999
XeK_yWIp4CkerVA3Hvm57g	1425
BwljjJVEUKayTah61mjLIA	1537
Z0j0BBxuDqs4Fjilz9BdpQ	395
H0a3yMhPsw19meAFmDNuRA	2232
yVPZwPu3i3afMCTbEk9lRg	327
xm4sylasqKJIkiMWB8w_5g	826
HpfIJdcHRZ_FOHM6FY3s2w	922
51Ui8kJYCr_eLs-fOQ127g	959
Vxj-ptdktkfBodOjY0UkgQ	1379
aeKmTO5wF6tJ2FYurvTDTA	1646
XvLC9TbhXYiMIGArwJZTlw	577
d4mqaoUEco3fUgM7omofxg	1413
2nqCcgfnrjD_2_5wT9w9hg	1724
CR1wmUdw2CmVCMetXDWwlQ	1672
pvIaGTV8aQmcpGHeKEB8Vw	2107
LvyoCsWrPH8JbDg3Ljj5XQ	1494
1x89yXeDnFTcx0L_z0kvQA	830
JNuzWUeAlP-RfG-G7nsB3Q	383
M9hoWvKGosX0XqzK4QOxMQ	209
Dp5C7wHQx8NquCoTnEQfpA	2450
Q0-Yl9a2j1iEKM2vWuVD4A	1601
DnvcAKp_6tL1Xh7hthhckg	1750
xWz1koWZ8OLYsyh9ENTFpg	192
UfwIVglp_jAFZ_NhFwJq8w	2056
krsGFgCn9mdQd_iKWr4jMA	1740
kC5YwcUjqit0N8j_o0ILAQ	1346
v_xLpjxDE2LQxB4OiUYI_w	655
haviV0ZcOf3MCuKgksCdRQ	1810
zK5VwwI3VxgzIpRXZuMNKQ	1038
As-vDe3oBoLZ4MQbL1N24g	977
2NuO5zzjqAD9KQYDqSr6BQ	521
wFGqHfJqj2ZHABBol8qzNg	1637
9PJlIZx8bO3-L9c2XJwn-Q	948
AxyQkHQGnqGmmoEvBOWjOw	103
Z8jbN6RjtllbWszewVP3NA	1751
oLebZdQ0B5TdS2kV3ryo0g	2314
aA3lKyCEUvZ5-JYovl7W5g	607
K1rQHzylSx9li6INBi6DHQ	1204
7D6skWWyYi0YMsvNUm21bw	1697
IEVfqNajzWCamOOyqZ3z2A	1147
lW5PHOBH7Tr7KqBiWO7sgw	2189
HFMMMfXr-6T08s4u3orviw	1263
_MIrqhZPapy44Bb1T0IUuQ	1285
hTeRslvC8H82m08A0PcoIw	1566
rAfodm4T9BFZ36LcO3x7Mg	49
V6BjjQICDO4q7TT3ZhaPWw	2039
Xu23a-NgI0WGfW69RQgRVQ	392
swcTU06JIxhMuRr6qu_OSA	2134
OAnQNOFtTtMXu_xQxCkc5w	605
NQU01bWpan8ul4JKn-niUg	1427
yekhHc4IL6juJhPuJQxriA	411
pkSJ6tbp1oKUz5aze-N12g	1454
SgMizh-5ds-zbm4o_iyZEA	1805
vbHFXpUniYAgObcI9jQp3A	2126
t5Ck_TAw9D3MNwn1dPeuQw	990
zovgyrUJiieLlXL4X3f_TQ	1225
wWKRAe4HmwxH_sG8s5SpOg	2037
b6F6YaBv_DP9emQf1dPaEw	1987
j_7tx-G9K2HgwjeXmReTqw	1019
YPZNj4jZgLhWHbnPLSJoAA	1667
QYNAVWjbwZobunCcNzk51Q	1929
tEQf77Exf_Q0-Ff-N00uFQ	2303
6HvD5Spp5msZLYdrWjXGpQ	628
7qEEnFvVeWiSnN0qL-oLtg	736
dk7gg38Fc_mGQWjDapWVmA	873
hCtLSCUgFy0R-5q4siosyg	236
R3Cl2B1QPSoeTqAvDASViA	1995
717t2z3g0ZnYtRH_XL_CZw	1183
qvSqZnK7Wt1M9UUbuB5-jQ	561
Mlkrr9adEIvlpNOf9G2FpA	2443
TerdUsfBFWL-8GPz0YN4pA	1844
eZZZaVaHXdUeJRLVpdYoGw	76
R4LMOs3T3IS-ceTQ-yOiRg	503
Ua9wlKo1asCHIb_aGoUIHQ	1953
YxigBcjxBt34tdkiCeqMaw	464
ad1-J-w8Cq_jgoYuHu0IHw	1957
6QasDCqpHy5bB6-G7mIAUQ	804
8BgUR7EQ2Z4P6SKNv8CqeA	1092
aQVwFx9gaLJZGiIfShWtRw	1839
R0M2j5l-IYcbmx6xRT9s7Q	1850
e0P7sz6txSE8RPC_kVE7pw	1262
AZ-iCgtB0UOJNKVke8ZVFg	1357
Sf-sEiYWTVJe6kWvcVlx9Q	1550
QODxA-nTCSSCMDZmj4vIUg	522
GpZhIHfFR5p9nG8W7_ILpg	649
8GFGERjslBHx7cWHwGzjVw	1330
zPYYlFBs_6eYsHs8FL3nRQ	2210
yN8dQxLpb-aGgKK7KEVBIA	174
ee5ab_CUWY8zj2wg1kGH8Q	2184
_WTmO5AKcRhE4pQNaCrExA	469
vOp9PQD6Dw8nEkAGFuzuGA	1907
n-blSW5Ex5OQG2HX33J9qg	436
zU7gSZZ5G6ve-FxSN5OihQ	38
FdTOczZjU3ZDc6of1RJzmw	1251
vqrXIXJWUADAZw12s9AF7Q	487
lCbQSzE45H0nKgeV9WzGbA	698
Tsr79JRL1AEbjJcI32x7nw	412
vzkqdX4jeddKB4CgAqFRJQ	1920
ZNo_h7YjH7a4Pu-MCU87Dg	1936
jgBoGav4qWMYW2Hxu65Q6w	2279
YRbYuX_LsoGIlfEEQpl-rQ	743
q99Qxm5x9MOudDX9_SGMsw	1503
_U25K_x8US7VWYIBvv_ETg	1719
cgv2g-exGa30zfW_ygmyxg	39
AI-4zkkvZthqrkhvGgmUvQ	669
-0VWuiVgurJ2BDQZFw8n2w	1130
6GrokFIVYpmEETAcsqrNxg	1455
eUnzJh4o9jzMTKsBlnqIrQ	1501
dp_30Ak0P-pyKnVgKDk-xg	2158
kdnC9MCjE6cCWXnNmji1uw	1321
zRlaY9ZtS7e7rc0wttFwcQ	1465
inkkDGTtbOhNA28btot49w	2524
8qBW0hbKylElphrCHKlR9w	1039
vD65y5E3Az3bFc6UW4G1eA	2262
6-Pbxf6ukNNiatwRwNdirg	1899
Os0FyhQyiyLYzfGyC_39dQ	2535
mDdh5qkSA4JdMQHn7L1JXw	1370
_4nl1_JNiWj8PU2auSOrqA	1233
GriQnuCssaAm2rtceD14_w	418
0Sz8ZCjrRQ7NMKqutPPjbQ	2371
EygKx4lr2NiK_pCUUHGXvw	791
zVNg7M69b6KUy5zxm1rhtw	1945
ygPxjViTFY253WLQ_ZmJeA	1358
5fxjUT0sLg9ueMAYtn2PZw	1966
-7nbekiMCu5sTMFZh2bwbw	871
hWRQXWFAsfcqd_iAkOdeEw	590
oHgoQ9ulQ-K6a69W_bncCA	470
YsRf-REhVSQNjdgl2GM2pw	2299
MQaJ_ZqwU56LuPFBMgy-FA	2525
cYPcyVc6a_FAUTIsQXbv5g	1984
J2rDfEoU1N6ADRKhMKw1YA	178
SfwyJAVPs_cmah27GoLlJw	2104
RLILh2eUKfgrnKF9fMVVrQ	2348
oDLkNs5U1ZTw0EtP5kEDhQ	2151
3hgMIB75wWRoOH3GAm-LcQ	2352
yoBF-Q-ukem8fytrSZRrqA	1122
dmkUSRV7m-3-Owb3kSVfvQ	468
xtkZL89k-WIuxcx_4dmgPQ	1025
MGpRmnbDX07EW_aQXn2TYg	975
NxzUiGKfnZI5JUZSVAY0uA	1172
MK3sXPPUUOsO_jLi8Yo1mQ	1513
rS2BNiXA5nR4rQOqknT1xQ	2248
xS5AVRJ9f5-nzxCBbZKD0Q	2328
3ayu6Zt-CNlKrk9kCjAz9A	294
1YFBliuTU7apfpMC_KfTOg	2280
YsVDZfnbbmpa73ikxgVF5Q	452
MxEXVnCo62_Lr4BlbiXuaw	112
NCxqgVoRly_xxHMt4RkE8Q	1378
qp0ax9JO4mgdhcrem58IcQ	882
lDcPLbFFpdah-XcMRIxK6Q	797
ork6MEd0hI2Dg1cndA_qBA	1135
3kjbW7Qp09abZAjKCVlisQ	162
eQqGrEsxttfaaMgiD8w2kA	1210
TYjL6pTwDSJt1vgDBu9lSg	528
SLsfABLuhqEqOLKpkM5D1w	956
BSWpDzRIkLOyTtMUxO4v2A	918
lxyktsw7nSeknZyQnKndIg	1909
qZcNPE8fdH8kK6_OV4DYmA	2320
NDv8GvI-awRL_DDH6rHcxw	2539
C6s79RPsuqjVvarCGYodMA	1022
JqOqQ9YQH40q4qxrBMuavw	1139
8yvIwPwUsagCi53bcNmlRA	2565
a6BodEnOUgGKpnx0_X5X8A	673
nBbl7tLEDKSutMiqSzszrA	2277
PQy-y169hNNb7s5BeZ77PQ	210
NOcZCRQY-vzwRDSxo0tpag	459
vpfCW1_JUknPWDv_nGbk4A	532
vmcLnx2SwjoAOcn_kU5geQ	2005
LlMUcl2XgiGC8cxdLifpVA	1191
zqiHRPs_40nzwZxKrF2XCw	1255
VCB_92c2JfI8HAfX928SKg	1626
bkZLiczbYmrAsMLq1yx1Ig	85
_Pn-EmWO-pFPFg81ZIEiDw	155
ktiTEwMGZWJKD4IZEzLnvA	1062
kw4K54y3HvuXIvZPK-l5sQ	2090
HVQRrVzBijE0AGXEXAn9Cw	1557
k25W8rXNFUvb8x8SM_d8gA	2163
g3jDI0Y2kJTtvKtuIjgSEg	2017
V1DNrLJKg7omuS0lCsi5OQ	1650
jxhrjFOiwS4JTLQlQUOqpw	1663
CBFpWGsvjBoV7UITP4rEbQ	2395
738HxK62UBo0rBXpSgGFig	861
VVyjFrfsYt1i9o3QkhIdGg	1114
xr9HeiwbhHKgU4CXqf9raQ	2533
chc5H0zQ9rzqq4uTNfRMFA	1350
OdWzVDCaOPlRlhDpae0xEQ	1731
mPjy3p5bKX96Fr6nC93N1w	1219
gqu_B3D_3RR0HpNFbruWAw	1396
nhrIwd0hGcCyH-rK1TsZYg	1735
J22IljiZpAn57SmviLAMJw	8
RukZUKcQBD1e-7k7jL-J-g	2100
7RQRKoAEQCOXKvhs7XU9eA	240
dYGs08CYaQ3-i71VtrOOyw	98
2R6ymDqEnbetutOW9Ypwlg	2409
P_1wE8ZhmAJuhGasZqzWtQ	1254
zUYjb7Ej6I2hUJV2iNDieQ	153
4lPsxyR8W73pbebQnFW-lw	865
TIKewA9tWdkS2GBfSkzRHA	1165
CTBVOoD6ahJKTZ_AzGH2bA	1479
SnJ2YVG-ngaIhKxXfiXQqA	1083
AUey4rPMVVFHNCzn04MV2g	1808
NO0P2f_TFwzDw8mlOlhLJw	541
q6UCOzZHK3L4gpxgwM2V_w	2265
jzV56K7A_mx3y3Eh7YG26g	1449
dmKQFAo8RINXt4kdbMEMEg	2076
X94zbNR1hJOsfamhowUKIA	964
Jqpqqhl9wjg_vop13XK2Nw	1424
uTED4bsSLJiWNKtQEggSYQ	2350
isUzPK67O0psC26cMjkapg	1020
P1y_26krelVLd9ZKiqXZ8g	1402
NBPrqIzMjWJ8zmfXUjjS5Q	2048
IUgY-_RqSanTKsumDl53-g	265
ZFUME1VDWf2MM6N6NLxDpw	2536
Vvg-kMAtre6-OipE2j9Xvw	114
KeOhhXqawVZLtJMlJxZiBA	1895
UyMpQImy1grSIODqBTQAxg	77
HSbAAeyLeJkG9CphAyK2Ww	583
9un4AX86N289ewNWJJtxrQ	1881
mC9xBPlh4Cd8AibOkL69EA	969
txxyb0v1UPZKXPJ5qwONIw	1405
8VkGyOMqDRPuLFTbTpXLeg	2540
uQP6jYg3qQMIvD3fm6V_mA	678
iujwh47hP3Ns-6kLYUq-Ow	1109
MoHtWw_r39VrvRkAprzjug	2131
VqKpBWQHjEibxCibVelkLQ	1510
tG9PaPHF0GPIZ-N6M75MbQ	195
m5lBrevjmXREfpDfx5hkHA	1541
NUBtXSRamKh20QfyhFMvYA	181
oQJQeij7Tyhx2OsMJXDUBg	1328
uzKshQva-N9YEt7BVINuWw	1282
hbf3Y1Jgd5U_gg53LKjcxg	530
W7BpYy2vJZQ7y099SUbXZw	1433
hkSbpRAlIOwu5oiP1aveFw	1391
UMUtYh7Dn-jnS7mnXHrq1g	589
7cX0Cc8U9-KicXZLzyw2zA	2113
L89fWfHt_1GXLRZ0zbgfXA	485
Dg4JtuYaSZsy9jfFHFGqAw	1511
1O6vS_JiPCKlwK9F3tDvkg	1613
6TSQGF2-pSITBb9aXVCNAA	1532
nsjknLf1GWFLWF4RSXtleg	1184
eYcQZUbgwXIhBi6JjTn62A	543
M2hD5HVYmA5u9fybPrMkLA	599
tu_1l4nKIxQa2TpOrfFKyA	1381
qZfMILmXeiTGiZQXJ15iBw	227
wu13xtOpLrPUDg56kvCE1w	2560
kYgTLK8SuHY-LmbiUzABtw	428
hgpE3SAdZ8jrAmvBsv5yCA	1734
ko4ZP9VujQaVvvZfbBjlZg	1835
rskRn-azHkogSMY6p4G8hg	1736
9sD-ZE3ASfbIoq8cpHEyKg	1767
mRyxVfR-GEC72wS0zKtgxA	1759
CTThjTo_ZNU-uspqhTdnGA	2043
5WcjXPo7hxfnMUcfQ8JaPQ	256
uEsOclI7z71ou2Q9vGNN1g	2273
dPQCO7gM0R0Tygd2zjCkTw	696
VTw3iN78SmueVkBb_IiRSw	283
cAyZg7g7T7fxPG8KAuu44A	565
uzj4hqbZuBd_oyu-Jnwjkg	147
_M72xz1MYKZCtMCnI1ZR9A	1461
KUKTg98iWOHVW2vMDQq2Dw	527
TeGOJ3fDFHY40VuNlhmMgw	1341
fm60BlXr_l7WOsl6NQXCNw	1288
arrKoGLHASnOF9x-WmWorg	579
P8kx8nFH_OcbzpDUXfgoEg	1551
t5Ch7uZT_3kbiraemiw7Pw	1775
2szGjbEbEUHqEpVr6Dmkfg	30
1x5RTDtf2_4aLWIIohXkLg	19
9rNhRs-RxF-ohQa0d8pxgw	208
gbQunVqUJgYC824bJUTZxg	1030
MHU4ryf3oGxBGZ7sdVuKTQ	1488
mtc5x7jUa5j0SCjswgq-mA	466
pnWjei4iQeUp7ALiirTOIQ	1271
vG4uaw2kGLsZTD8MH9L08Q	1374
o2phkPJ7lRn97J0TXstfKA	1661
JMTawnbIv1j58tRlTpgygw	1564
MikCfaQBtPrmK3F6MoBBWw	1334
Mn-yIC_wjvIoo62ec0JE4g	1279
FtH6d6O467R7eTMBY3C0ew	115
isDmX7MYvj77dZth6_wp4w	403
ETVakUdhkRFdtJUwwYtnQg	1481
i1f_zZN8kM1Oq2Y51uqlCg	388
Q4pK79U3vKK-ErZkAHsScg	2198
FZl9ILsM8j3j_IJJTZPRdA	433
j1-OWXC2hS5E19YDP0TVvQ	1753
nOG0Pw7lvD78cX596OXLfg	2557
qIIiJ0DeboBJIeQgG7llIg	961
FTRI5BSYlf-oEXGaXx0hlw	491
Eh432VFwpOIROqq10zJdHQ	394
3FlRcobJSFY0d90KjMkJXw	2263
bQFlMgQMSKX6XB1HjnIpjg	1156
KChvZoLXPtRI6TbZIcQKgw	1849
HvhUkLwwofCX-usv1_055w	2146
brtvUem4E9AHbUp7n9dXbQ	213
z9w399cBpCAKXhH_JA1AtQ	968
JN-xtC9Phr-xB6FkfatP6w	1500
A4AdK2K6R84ScPfCME-MLw	2386
gnbaI8FdIdYxmXMwhM-X8w	1642
sLyRRgA-CuqDmMOlLmzrpg	1616
P8G2KognKvhDH3ZYVEAjYA	1264
Hf3AW6F6wY4leHX8efb5Pg	812
IG8IZeYRLCrni7_8zvDjFg	1610
q1pfTaaZlhO3Koi1Osa42w	2016
t6KnBeJXZR9ZGHEO7tId5Q	524
c3o_GsreAEnods4yWMCYwg	2028
5WzlRwYS67Ow1ArMXOTVFA	1535
uRnXjS7wmb3egUOVTpd9Zw	1659
yckEuE2JCyJmutdR3ljH1w	761
a-f_ppE7nWFqj9hXqxzhig	1888
Kuhjjqnq10cXYreaO3q77g	2306
O-blA2jjndlqGiXZL66uBA	1876
96Z_JI0FHegTqK6Qo9PZEQ	1816
j-8VEBqfAzWchKjDVdSrRg	334
98anlMzaXmxgtOYIrSDt2g	2130
mkN_GwMMdZ4T8ugCkNZgsA	847
ZHuXOV6v6gSCH1SSi9-KKA	167
6H73O2Yak7Rj5uaOl37emA	907
aECGUNENPuQ3bCEpuPg7Qw	315
fZrJqP3Rw57FD-9RVy0LXA	170
erOt-YXq7DFfkkPkg9F5eg	946
ROUgleH-Wq2vGeRA5cmg8Q	1137
-685GyeEp9HLYKMZq4otuA	235
MNUwtkT7B3dcYZqmWUs_Tw	2305
wcwH3HDVkIi9J90XzCZJkQ	1316
kMllj-8cngemeh5nM9cR1Q	1517
7q_c6FJPqkHiPLz9FgdRhQ	566
w6T9G6r1QtPRoOYrFVEM1w	1383
lUGsHrC8ek-vYd5rir11SA	365
lKzBqtkGCh0Lksl_NeTOdg	2245
Q1j9bdOtn7UgNWJ417eO8Q	1600
rVbElzJJfOUpKecZzEaI4g	1310
mj15nS93CuSNjxP5fuAoAw	1226
jDI6UGTDsReXqEs1DTQGLQ	1814
yc6vvUiExGvio-uaSB082Q	88
UDsaXiCIn9920b9JyQvJ9Q	894
QKNiq25c3Q0aurHZgMQtHA	2558
B0bmyMli66h0eloNcVl9Kg	1150
MWxyukeYIxIbuzpciZNhXw	1555
qtWNy9s-_t2iuUG5SBMY4g	1718
Up5reJmuM7a4lMz46KhngA	881
uGH1PF8mhZvsjh5hYH1xKA	2238
A6INPDrzN4MKdCJo57g79g	1490
CznVwZ_FNb4hL0fu3bFYhA	1837
cekprjfdZiJkJ8jz-yi5jg	1468
ccLJOjVekU6MYME_jQgwhA	193
rTOLj63bMRn9ragmfMzOeA	645
AxbgbCnTdPOY50xDwmXUsw	2467
oE6nmKF6bOBtbuFGAALvTA	775
RHqNIf_Sdrs74xG4o3KNmg	1269
wgStScIpJA9_KhUTOvWM4w	238
i3F9MEebJEPZmGQD5jpP2A	157
nYQLYV6YEE_K4h4ocR3fEg	1440
WzqYb1PXBdCUAl1Sg5U5yA	83
Ii1aE-Z-InZKY-9QYGIynA	1452
5YotNHVUxxC72hd3Gz-msA	1208
6Hr1Vhe3XzNUXSzSxxc8eA	1053
iz0Gk0dHN00biZka56M22Q	1654
lECkYLIB6g-ojFCTaQsNJg	941
KA-j-htv1unKrtyE9RIizQ	1865
sO8PbzyOmSPI_wQ7f0NcNQ	786
gwOntkBCkaaaJno8kkpV6w	2310
mT_2J1Tuse3ecoZ7V_iQxw	258
5ycExK6bveb99W-opzNELg	1096
p1nQdgzvp6_SGPrPpQUEVg	1227
-6oaamKcFPxye6xaeS-EbA	321
xiMIJroabX_K3O53auQT3A	279
to2UiImxc1C2JJWu3Tu-MQ	160
gF1c0DRLU9Ht7dBMnZglmg	2271
Tui2YchKV9f0gNE9p-HxXw	282
cMDNAJHxicQb3g7eoxb0Xg	1817
2CDJOKdNzILjwt0Kz1mqqQ	1838
m0S2ww4KzhXLJedoQJHVMA	1533
zfbtOR_YIE1yaVWd5xYoCw	1760
BEu9NNrd9hpotTC2NIR5mw	40
a_aKtip2e7BxnWvMMn90Zg	695
FP6zkHSgo2M2uqSoe3W1Dg	1538
JG3semm36q4RkN147ZRJxw	2480
EoZy2y8yNHowx9_lx6weUw	1066
dFtfWjW44iEF09298OSWkw	2548
sAsewjAzmImtl3dXZK0DlA	1997
JGGkTV3PHvVvmVfbGwkd3g	2216
_5WSIdl27PykAlMeEwpIYA	1435
uva6s4k1e6L6uk1b9OPtwA	2079
PSHjTXoO1Bm3apHEEMK0NA	1162
h6tJr4wril9X3UTxVpN_lQ	1055
YmMCmD5ajyT8vGUU6woKgA	2029
W6dhWSEoUx2oCPoJRZoFXg	384
mXjdLYggmOjXxPDBl9I4kQ	758
_8CbQjCe76-sWyYRMmaqRg	34
f6AG7HMGkdFrZqk6sBCKFQ	1514
GN5DXMOnQ6vwwXrJvwEyrQ	751
uShuLIu2Dr4cjdAmp7R7XA	887
a9o896R09VKmqu65c8WU8Q	390
5Y1O-bEslmcPljXm5oH3GQ	1163
emq8L3wtCAKcaqmmSNrYpw	782
PRSMhQ8wmwKXF7yQQatwnQ	2550
nF5jMQ2CUIiQG7U-yvFq7g	357
m50N2Ki8HDk48hV_p2ztOA	1874
cgACgjQ0RRcHoaWcsD8Ocg	820
e8rBV-hfcPScCMjwOETgGg	564
cC_UcHJyF46zR082M2DrQQ	885
AMn7JLVCWjh4DBoUY2Jsvg	767
p0-6hqtqLJ6Q95wEv7UKgQ	859
8Y2ZQqfR2dPzciLWwg6F_g	416
3NyLqltl_S0UGYgUImM-5g	1012
bk2_LQE7UfkNvNYD7RHliQ	1229
YVi0uW5qb81EYWUadkE0xQ	1707
4Wf-0R0-GaOGSXf9okX9DQ	276
2fVbunyKcSGT_LH4pqjqog	1265
x8TCKPlDG9syOlS77Xre1A	489
G2uT8rClaL6RdDQXDm7Tww	447
1ExJAYaOx5Jopqz92rwhRw	1823
FeohQlbA-SsyFcyRsnXZsg	2437
poVmHYqlZoLYssL9XrUmtg	2052
ry24t8A_3yYhchXR4EOX-w	1754
AqRS07FmwbkGID57IRMs_w	867
gOGvkMVztJKZtcT5vWDZrw	2111
SH6uAOR2Vjp5ARuSeMKyag	2354
5IIYESDZeAdDevZ2laiH1w	1776
J6kIeDHskClXNHCoeQhRDw	2376
KOOCWesP-VVdjGvFcYtH5w	2115
gEd5zBhW34RJtBnQdGVGpA	1140
LGWjAnlyKq0cKiWGhF7K4w	2479
QsN7rPy-xXXw0Jfgdb0_0w	1474
sezZ2E0CqmwkmD3hyaVc2w	647
MI-r6wf557wGtO-czDRwvQ	6
rOc4eSWC3rXcVSwtGOSvyg	2105
qmwY5b47dhobgJl_xbLVOg	836
SBDQBj2VEE9fbZfaQLeT_g	93
bFeS3lldZX4u5X2RfjVpMg	182
1vReKE1btUf76ew1hNksTg	595
3AOuFaEvafDQ9W5Lr2WQXw	875
5_k46N_n7B95hf-DTw0yTw	1340
cF4Ei9Y85h15q1px-vNZXA	2023
pyeMRm5jv6eY-RBttsTR2w	333
p1JKS3tN_8gbkd6OHV9tig	1017
CFty6Jcr-wprzBWvd5cWKg	1893
iPonvY3cwDcnsrZUC-QM2w	1944
pIsR3r2uDhS6ylPGvlYs6Q	1972
_YRO5dZkpbGbtlDkgP2h2Q	591
Mez9But3jIANKNnAFZd_OA	953
qOMQ0rn5m3XgTlIGTZpKqg	1506
GToo5INQK-0Uhynj37m50g	218
ItYFo1uLuLYPFU-Sjtsg6A	1387
9jYHXYjfZKmH97FcVAa1Gw	48
DOeTNE9QrDhsUzvGdpHd7A	467
2nr9LVc1eVca77JEMrc3Fg	2270
vYGmafuV6lV9rnqMiBEarg	2422
jEX7PiT_4lYE7it6KSKPTg	610
iLzRxL5Qa5H2MOrjtFzfzA	230
nR4du7ITExxWOSFI3X1e2Q	973
4FJ9_SdFp7kJsbi2a2XwWA	2466
kMXE6tItpD5LBrl2O3ycwQ	825
ndER4nHbcKA4zmMleMS8cA	1031
insS4W6qlfPUrn-bLzZ4_Q	739
C-ZijHDkvUTaQa_VXb8r6g	890
8Ytgb-BB1gaWIOOPlbuJ_A	841
EnBujlVcPVWhtGOMKI8WvQ	624
VzON8o5Y3gXx3rPbga03kQ	1614
PRBYv8MQ1CSbak_Wqc_tCw	2169
JYbkLyq3SPqoubNljPLHpw	1981
L5DAWNXGFksmLLKLY1C5eA	1647
TdHctjywdrANCskSQ-zbUg	2087
yh3rJ4QqFHF24Zt6GgtwXg	262
oiBqG0fCxUbpxDfGZvXw-A	237
RUYxjV7sQ_ARMNL-FEdozA	535
z7y4Z75uoUeT2WSsYExv7g	1937
wGLl38HKDa3INWo-8b2TTQ	139
8jua1Oqzs0zy7NLg5FfupQ	1520
igLC67GPLkBafHhP_DAgAQ	1499
yPGo8-_NSYVyeECfi1Tcwg	1851
pWhNK-aCyeXoMYCvs9qshg	611
U6nqJEeEHCNnuLJu3p69Mg	729
SloobxIofK4OpqEALKsvVg	1441
c2STeAqxI46UQO6qzdLIAg	2217
U2E4aVOe0WYm-aJdT5Syyw	802
_vB4cbin_STtbAQxHlurLA	2554
64UHI2zJMqn3DeSPHbJzKA	1228
5p_hbxznUb_veo4pTJhNwA	955
SEvoyBMcqAB19fWIWH_3vQ	1366
DtQA5lIP0euBSAZHXZNO9w	1211
wOZVEZC_f5_emuCH3Suf8w	860
OVpt8ITCEWyYBjn0N3CRwg	197
oqYad7u643LMb7cAQrdGXA	1587
Crw0XLNOH_nEcPS-ld4_WQ	1924
LlNXMDm7vVS9VbHw52QmwQ	1576
vSRUnuLd0zFkeS05twJj-Q	653
bgb3M74BW_BVJT4dJqnnWA	883
mDJtNlMOmWhCUSxcgaDH3Q	1098
Wv4YVDPE_0-QA1YbITp3iA	1955
lqIT9ghyTucUvFDpkdr_sQ	271
rLJO5LyBKXEVz0zl8j_MMg	293
Yj9TXFf1qNuIyVFT3EHzDA	138
MnlbWWKhRrTb9mWa3gGWIw	1967
mRV6pfnsKSLjF_eV67WPZQ	1842
XWeT86kZE0L9cPKWh-13cw	533
L3mYZBDxZMRVN2oS3ee1Yg	2235
cVawV91iDl2m-wrE7um46w	185
HErwMLuch8ILtJNdczqPvg	608
ZZgBjKHVsfwP4yRCgq4rSw	856
cKgcjHTmLgFI6g5vJ4bmRA	446
sf5EgWS7TD-V4ZvbbBvy3w	253
Kz7o7K80meg4yDiPVVZSqQ	21
e47GoPgeI0MrGvPb7W0b4A	2291
zNaSfDg-BxQ4zUFU4LHPMw	2220
gNJD_wlEBk8cEVu3O6HDWw	1152
yLlJYbGBJJhqTcf-rG_y9A	1687
gO1DieazB3BPUL9-op2TPQ	619
nrM85DSmx3EF9n5NFYC0_A	204
DEzp78xfwG8HX5vcfZrZ8Q	1074
PSuTp0Gm4ydI5yRpCpHdbg	1684
RMdG8IMcz1MeA6-EV0uWJA	587
c1iZHE-Go5MDFpT5_9M79g	1755
2eAAg-9XHFc1mIHKOhaUsQ	1889
Ezl17scPl7jx7ToygR6g5A	1781
AtFmiqR4xzg2EklgY0CTVw	737
xjjyk2dbV8145OW_TD1DCQ	943
Fmk_kPryoJLaDjdKaNFcjQ	1332
2F1YEy8d5SHt23FPQ1AFNQ	2424
zrw_r1lLOfD9LdrUGouFxg	1439
sgdh9FdJtZKfSe86tBQWJA	1627
5aPEIiGEi_TJwEDIRzG5tQ	119
tVhzWZlELo96Ta_6yp5Tbw	2218
i_3RLkM7XzFMqUxaj2QZig	481
zWUPEfwYZToYBJpT-AqoJQ	2034
XhhRT3T1FowbS99v8eFvOQ	2042
PQ25hQmpl6WUAlBt5es-pw	971
Q0o4-ZZEDQoNeOKW30U4Bw	1769
Sx2Ux92FqsnUNbep0CuWFw	1307
uhxnnNpcfa1YAAN3Y3tQng	817
qo5zIoMosJhdb8F3-rSuHA	133
4UVlbsS3Gzq4TcQqRYyOyg	2449
uQsTVTODn10yv3HgaXTdgA	1155
1vg3cGXTDFH-xVJQhuTshw	635
Yx1JT5Re_Zs0pWnNw9CtkA	618
Pqr8Pdcl3R4iA10xCJjdIA	220
Ht8c1bzqhO0t0NxzUls4jQ	251
Y8y31EiIMUhkLcSkec6HVA	691
JXVDGeVS_av8BCrzyNGNPg	2124
nic0apfDJRSnKjkn3y7nvw	2244
FBKIAMSqwWzWkUFQnQU2SQ	2011
B5hb-_qUnJHiI7i0F2U0SQ	37
j-jjVXn6CqRjoXhiwHGAHQ	134
IKWzi1bcvALgLlwtW7ETQA	2519
oR_bqdsAqgv0rBA38RnXDg	339
lazp5NDT0kjt-I-qI87aFw	2010
_cR524c9NWoTHRYzT4SxeQ	819
kQBBDjYz_tFNNKvod7IJ0w	1887
CLnfEtoCLne6J2M50oPevw	437
SAW2Hk720RxYZK_dDKNypA	1011
kQOhTVNEyLvxqLh3L4rvYg	43
mKzrtKbqdq_Nf-VbfaQFyQ	2421
rMKwQ5wiNGwQuaEqy4SqRQ	1467
RQBE0D_GKOIQuY3TUaKbAg	2523
ai7Oz07QWyvmyKH2iY7_Yg	1036
kdHp3MBnxLsdOUFbTWfyPg	1149
iuUZnXKdjeTnsFaIJapyaw	191
giGRuEA2oamAdsHNCjv1Tw	314
P7UEPiLj3guembGsmoTkeg	1111
oDu2qsTtmtqyejU3lRpBpg	71
9WTOOd1ipJJT424N9WTvOQ	892
2MEs4Jsurd80KKPLdEqdSw	2089
d6O5LN5hyLO0-mzotV2PiA	1875
WHmabbfgdSW-JrOU9ePMrA	2255
LW6_ZsiXAc7vmY31yZf7XA	1037
Kt81ZzyGQGZ1vgZgbLfvCQ	1071
DKl_4PYVWBQATCg8CZCMsA	175
wl2H5t04SEAS-ucfeqyKhQ	1820
6ON1_mTtHsack-ukd11lAQ	2207
BBBV-ndd8r7f40iBjvnULA	171
ZDxlKoke4_v0vX87MNq7lg	1789
JOl8w1rQs9L16d2jiWTnrw	10
my4UQQQC4HcehOWTuT1I1A	1603
fXhF8bsErmUlA6TYmkuidg	2501
bzU8Cl6B9nqV1i5NReobvw	613
okQXy4B5sN29Fis2JmW_ow	982
Vih6XR0KIYji_8WXWHn3SQ	451
SQDdlaWCkjStsNGU1BxTWA	1542
JQzDdG6wzg58-e1JKXScug	658
yTP-ZHMJbFYcZAluqELEmg	2383
zk9P5_VKHfAu2fXFE_Qeww	2374
fdYWv2gjhFPViv9p_OtWxQ	135
6JoffY2ey-vILHmr4iqQiQ	281
yrZ0yHpdm5Fh4crsX9iVDQ	809
zqR4PA_1pLFAybB53XIkOg	1722
MsfaLFcJ-JaHVE-TTfoGLA	2240
7W8lUTRJcOstGLzmivFQPQ	727
lv7Ukoy2d-o4BhwG32m7Yg	266
rr_r5cE5Mz44TIPjOHk1Qg	519
yhGRi6qYXJQptseBgqLVDw	989
gVrq9qbQMuD9ySl3rdP85w	1640
v10z46rBDlyChB1jhVbl5g	2116
ACljpGG1Agtnu4uYYAl4AA	902
bhRj9WYLuy2xGAkD2SBTeA	834
i-TgTWFPxFdTish65-ecdA	1244
wwnOG4UviDks7M2BUgE_vg	2171
VlQWLINyMS2YLd6MzvG_Eg	2083
TvvDDCx1PfOgfzBM0seSkQ	1158
oX95BFsDdaxoyvF7Zdx9gA	100
I84G_ibOXTFrUJVVBO0k6Q	769
RJJUSEv0CFq9hGhzMITERQ	1040
cFYbHktyNmsLpSqBP7ohZg	1591
X0uHA4n4wAa_7CbLn7Onbg	1385
_1QhHAKPdhriZglqt8K6Dg	2018
1XnazmhNbWOheYGv8dGlPQ	2057
g1SiIj_QyKBcASmRJrZfdg	1401
je0rWu3ZTRbpHfTUGMhjoA	310
QhRFeuoWZJozBDAHeO8XNg	2494
hHMFejaV8kG0M04E6mS8Vg	499
mBdiqpmjfD1TH3UDKGuQNw	16
fLosRJwrWkrb4MS0ynbalQ	1326
QxcfuUlAb0BJ4ezpA89-GA	728
hAQmiio-wgKWyyQxmKTRHA	1224
8r1BczEE9h_H37pMAIN3lg	602
aE8Xu0xLSb19x-zB15thPQ	1101
6dNdAoD7S5MdpKXJ2i3Cog	2228
9x1E71s1K0U0bUVEkfkqTw	748
JT20HaCu-iAj1FH5Gk2EMA	2380
6RWAR-Vu3K-KYaRKv5bHfw	247
cVTvFGNEUxaOWjq46x-AkA	1007
zm-hlrRV5Az12Zvjw01i7g	1757
S1b32Tx0hJQeHFHQLwWRww	2496
0n7DcTbZhIQC8-Ud1xA3tA	734
agmKFT-FXNXIewEYev85RQ	908
MCGmcbOcPg_8HEbPFHnoKA	2451
i-olessQBtbXXqOUXb5Ysw	345
R9TIWPBlMuzzWgYXZBnAlg	614
l5e_qg04LfaVZNEoHPXnAQ	2492
JqlHMR3W7r-wb5OkNI1VtQ	2135
HVzs6fwJX2YB3Da1VQ5t4g	2252
mRWkaNMg0VdMG1eZ6eZkSg	2304
0ONqla_t7Hzr8oDF_gvltg	2442
x-OhiDWXNFXwls3ceOsWNg	1543
9pk2eUvLXk7OHMz9BO4F3w	302
72E6zIZo2_GLoY7Fe-NMqA	1702
yQIqGFwS8xPV028hmKlV9Q	2261
247haXMi7-3mqhctfCux7Q	1774
bSjvNDFsWWALyzyH0dsCyA	2200
pwO02KFYjS9VhD7mJ77GLw	2388
r5S6aT3EsrfpIZvrpxT66g	1782
CZ1QkJDgwhSMwCmpuBRhVg	987
i1Qvwcie2yucAqLPCVTduA	1596
SJAQjgh-xiHBre32n8LZ_w	441
j7wBPIGt4PEn0KnGtVUyeg	1079
ED5bVGiETiL7LJg89qvvuA	556
iGrJzuJ0Ww0k6PnYkOF8Lw	1187
ddV22HDUxav7EfExcCc2wQ	693
k4AUncsy1r2MkiIIGLQcOw	234
nO0Z1DXskm6uJyJEm-kcrQ	1003
Z7DZspIezCZNv2tNRKSTuQ	1807
uJgh8jR4UrWgb6Qx2cd4jA	1104
cwZLTX7yzmECEj53DHcA1w	1812
U62AATYv_qV5lJSlV-_6CA	2032
gNybKSz92lwUPWStzlPdGw	2301
3c6OISfw5cdeFu8QSCRumg	1180
xFgOULz4oDVLW-wO0ENVUQ	789
wEu7PtiN8lfP1sHew-WnqA	1121
xJafm7vGSkUI5ocgYkCWkA	1393
_Pfh4lW3iaPuk3-_0IO_Fw	2062
dWsd-W5gM13LkpAG2DZzGA	1188
MwwNeYtTTYx72T5D7klrCg	1006
b3SX-___7XTNxUS2NZ1dDA	495
JxA6uIwAyZYRZCOCTmQVmA	1331
zT_R5glXCTgwXribZ0zutg	41
6THXbAhvo60OGr-1lwSeLA	417
tRN1batg6aAYQuXPRJShBg	1097
jdN91EfHEt6boQ_YZ9NsYg	2427
YaMfU1PgZDhMlKj1uo7tiw	2509
oxIXEq97F8koAC1WDb9-bg	1639
07IGfcl1-QTfCkZrovmRLg	1861
QOdJHvwe0yJ_sPDKvugzWg	1883
WO7N4ShNQAnQx0sBsYaa7Q	868
QqPknsaxPsJ8U7rImoDKkw	1480
IlkDXL9Ic3LI8mFTj5suMw	1779
TqU4MNlh1i8ZTS15wnzkxQ	985
iiPZ60F79IhYDIBe6-H83g	386
zmaxxDVlkgU0pOSou6DdAQ	844
56HetyLHctpbutqFNvaFmQ	2429
tIZ3ZG_lFUDa78Pv8QP6eg	502
uhhTzUwrhJlnW8HxDV7UjQ	1241
InGWV3NxeEjjtvy8uY_aVw	2330
QVTrVCcypeUxC2k0UwIhgQ	514
RyKX4FPn6wjiV4unb9D16Q	1660
obtDOotL7qOww0CbmXlf_g	1313
uJb3j1ZmyRtOYW_2urQdRA	1777
r3excqbG5gaeKqoWTznlPg	425
QWWj59OVKNFk6zsiBEfvXg	2120
Lkc5GIB54NJmBDcyhG_Gvg	81
dnWh2AwpeF9F3E9m1APneg	1002
cdJlXTezyBLmvjFD7N-aow	1539
ekdVjU6zcteQcOQsGQHOHw	965
DyrBW21MzdAUjL5DLaBUvQ	1362
8uFX3qgW7M8OCezqBsddfg	500
UyiT4DjIOI2ambq9kigBQA	904
yjSnn4v36bwVd7sW35J3mg	1134
iLXJpyyxi8SOrK5Ed2FGBg	65
WDuh7QhFJtWJy1WqzudT6A	972
nBcnnAedumGBu90cuj002Q	1205
tsld7whN9WaZ4x1AjSvudA	1359
LbWAtZH05zyFBS--p_T_Og	1099
9foHxbb8D_UlYWD2QNQOPQ	414
QAw7xIhkxYTZBwVUJquhdw	1971
e6Q-nyH2w5JxDpVvJ1fMDA	1696
DTp_d_iVVok4BO9w4B2smw	105
mOjBUibG1VaLTpk82hSpEQ	1345
QJJDi08PO1GiXWu0VJnLaA	221
MzE0RNMIriILKGUgd-BWJQ	1923
FDMJMEdjPR-UKIhVU9s5Mw	1249
g9TPQ0E1NmhrnkKWV2Kirg	387
kqEvgv8XrRwHF-nPuLRtPA	770
XhI3FKN930PZaOuOsmg4tQ	1783
CGDWgEOYQFXeQ42xHKBJtg	9
FY8tAdKjRbldmI1x8AtBMQ	297
gY3qc4g6Xidz6Hhx9PkKyw	372
Z2NYV-Cv4QS1ut0TfrpLeQ	300
9tNXLCaZZRfUu47sxWN6uw	2504
7mZcHyaHJIgkQqNmYdhMVQ	173
qQpEyi4VkD0Nn9Prjyy8tA	2508
eX4C-B2HDfoOx8tRQRKXmQ	683
QkMja_8kDwwhsQMb_s7UzQ	1368
WKigJyqrh7kD-7kuK6yjxQ	131
KWJczMniXYsHsuXaK7cO5w	1235
u9O7snMp5PDlYuS4QN8DiA	2108
0k5LIdglqBTmxukDCLnjWA	794
EupbD32Hi-5h31QHu7lmiw	1577
b06_J_7_Kf2YQfkOGDxX4A	652
UTcvLszlrvXwTWCTn-4I1Q	1322
2NU430Awpp6PvD7v5pVxAQ	1525
YIzjzlshamv3Tvkx4_RAwg	1554
6DglSW0WIrey0TND7E3xNw	2203
oBa81KEl3mR406T9rZFyQA	385
HyvjTwlXHGCuSC6wYJJLug	341
ZcDMwOKcnOWCahcECYLH-Q	1207
NT3_4iEA0EvaShgEXrRhVg	1194
IxALR2Kv2vvX1lEZcrazBQ	889
jOSG6CgKjMi4y_ZJYwq7qA	1220
BM3qNprZXwcOfhS3J-bxSQ	2507
DuiqoMhiF0xgMUZrrM6YXA	744
6gCiz3Hc2ZO1Bit3CHjwFw	765
7dm_0nHeg_cddcvahc21gw	880
ojeW3nnb3gu2XIDzOxyq4Q	1497
PPZOoihZpRYeLKvi5wp3yA	708
HNndSoAptht8EaPH4SNiyg	2417
54dvh_zrNteuPVZRZUaTiw	2344
8BCrP8IYrZ56EYtqC_3Euw	1354
sE4MYicwtzj7wQL1KxCT_Q	2022
zX3WsPnyREjBKnriP0I2rg	58
90JGFMMgJfBtjOBjFAAZQg	1311
NyDS4vGDXYfzxOvD58h1iQ	1656
dj2o6qmpHBUM5d9Bz0PcRg	1027
dDxQN1FWMY_KsfrPgm_RPQ	298
lZyqmk4H5JXHLD6W2yVtHA	1658
82GSKMdoKPWHuJyL2RZ2uw	232
83Bgz9gPxmJEYBOVKWXH2A	243
ï»¿bv2nCi5Qv5vroFiqKGopiw	1
5tV2L9kO_lsTVIUkyumdEA	701
lrjvrd13vGuNWyX_VDAuMw	1906
Ifxe0FxdULo9xLg2j5bUjQ	2407
zlGsl8GA2Gn30l1eagdJrg	1323
AQ6AUAyi2WrBtP5gUb1HcA	2133
3qpXvrSyqdIFp0XIS90QLQ	498
vWlyWJBeUwsf1oSEeLVDVw	1580
7LZua4F1yjCWe2RrAPV4tw	1312
1eXEi4MiAYWpey78IqKvwQ	1645
VQiaNo8yLvsAZ_v0mEhN6A	1169
nCEbK7Iu8akOpRoxuPfZew	940
BJElSkUU9gTgEzmUCCa0SQ	1347
TjcMaKJe1Shha7jQ8OOkuQ	1164
coLZJ4Tk6KBrQ7WHiRwmsA	214
H5K4wL75gl0JYMLbr4uCmg	1894
zpqOj5D5L6mTOg810iyajg	785
B5Buick71W3VdcWb6aQ3HQ	675
qfOeHPY-eb7WcQIY6Hn85w	1068
Z6p3OhMJ7zooV0rPFNjxsg	1103
9C8bLZuG2EFqB6xCqfq5mg	2201
vDQw6Qj9urmmcCBwFoLxOA	1416
rCAMPXm0UBtSmUwG643uAw	1954
lPiW89hyjZ9TY9cDCh6c-w	1035
VU6GIaEJwkuTn5HPTGB7fA	29
7Tnhecdaq_CvoFN2ShYzNA	1450
UAt0VD19NTHVTKbiiEJ4tQ	703
bnp1aJKV_TpwQFXdUbg5Tw	762
E8xHTOM7ipO1zKqmH_gRNQ	1638
o3cyfeJRZSWhL7R8APv87A	1915
5iFHgvriIhgjpPoXOAkOOg	735
P5MUTtmF-ogpNjPl6Rw6RA	159
HjWqONC8Of7GHyQHcf0eWA	2359
Dyo_BUIveTq8H86TPHVxjQ	415
l-WHe0Lw0odhF2lMtVH3Kg	176
TDNUBEvA5aB8Lggk2soHAg	2002
u3BIETiu5pxQ4wL1c_82JQ	934
CX9O7UuBZz8YzVSh-o37Fw	1272
Fr-afn-KBUB_hPqwti7Siw	2051
PD_5NAgzIyPQDXGbZPeMOA	1492
cvkuHxc196rC0WAYvZpMUQ	1726
u6eV0N9obxmfqvqja0cXyA	1297
RKSFieapa51nExXpcAKZGA	2038
yg2KOekF2pSNryeIv1LWdA	377
vuwO4KQXmHgh6G1ZXpttHA	2073
PlDqSOtqEFjO1TgsWi0sow	233
ugoj8fo6JsqEFKy1NvrvAA	745
AFTj6yomGuv5OdW5tGC8Dg	1870
VSn7-M7JrkFbJ1OmneB_LQ	783
WIyIYhhMhMqsVXNVX9UtCA	363
J2oYUy_l7PI0vpersBY-BA	870
NuNOtd32kKrwjtRG7vkTaw	1716
pIdfunAL9qwgTVJ49PXr7w	366
Ice2_HZ9eaMJ-_HRqjC_xQ	933
qzAUgyzRiwCKpjfeObmQZQ	2082
ojE9oIuCmzx8emPgtD0GQA	2149
NKxH2PyFdEksGDsQ2XJ8jA	1761
zz2TQH8_i_BeCZoYT6omyw	1675
xr3P1kT7eweXY4vW1lPpRw	450
WeEEMfsMErLH5K-30jILpQ	296
Enk1md-UJZSC9g3S0vnzoQ	1421
StoEqyiVcSY8ZVdewPBn9w	1791
Enj28DGuCCFiREVe58IabA	1693
iAjp949oOlivjqP7AxACeA	799
EcpB9b0EsdR-cQzvtvaaWQ	1042
pse-MaiZluCt7FYewj7mzg	2231
2unyG14_qSj3LDl-iHK9Wg	126
FuWCot079_CnLgMHuOKjdQ	1651
RelpqvDeuGfL0cegLxyxZQ	2318
J1ObDB5FnqKfyVfOiggajA	1975
lX6Am7pQgQS8PVF-BnHo8g	796
bq5H-Z3SUJ9IQyvbNG4hjw	1422
FQILC1RpY-6acyA-7gVUgg	1544
CalVMA3EZcn1svdCxqV29Q	1768
1pOJvXlJQbgeGzC9zLGUjQ	445
ZR-hvbTUcC6w2Gp4KZBs7g	1471
7YkAI5_NfbcwhQeKMSZRwg	2458
08iLf_2vWFqum-hN8HPNEw	407
qbvOxZ_UaprWkFVm-_PLrA	2160
WMO3x2AKvijh9U1fqPD7GA	814
gDUI79MO5DCxQHiiE9ikUQ	878
J84gzlI1pEH0we7po0zAzA	80
C_P8FJL8E3-5qEyiSvmnXg	668
8JP8jdlvooQbHRkOSFyI3w	926
D3FxfrAwDEf7T5JzdcX09g	24
DK57YibC5ShBmqQl97CKog	588
szW_J7ETZl6PEl0W4ST8nA	1245
rwz-bpMLMvEKrQEQEpDf4g	2284
A1nTVyztRjFbITCWSWHnmw	169
lu5Gl35WhpqIkg06o9NaJw	1978
3aooU94RSKF-zi_DsePJCA	1905
hNl9zlJcq7XbYqRUaTExmg	1919
jnKMqvy8KsFPMbmUJcR3Ig	2101
_I1e4RKx7P5BebpZaIS2DQ	2096
tBjBcZcEkbQ4foD8uaOk7Q	2460
Xm4wp7oA8cWPBK9rdz6x5g	2426
7YGHe2oZnQIihBKtoWOvkw	1625
Ep8DJarC9Or5AxaKxcX4XQ	2370
yIDyhwat9C2NtCZdKIRL-g	329
K2a7yP2_kjc0OQyHJToGhQ	164
YdemmAUl0xNpfDbGhjGc6Q	380
KBf1NENzC86XNJo0DukmYg	515
ti8AwS65jCtXDsCCHIg-Yw	1565
7PYBxlFFz_PI5jos2INLhA	1674
nhvYS7aAITZRfFr58JkQWQ	1623
zUORDZLcYDJ_vgAEEqJajg	295
wcU1_gvBvh_OtP8sdvFr-A	752
Cj6NzRm3lSg7yO0UZ0FI_w	2097
pni6w1puU3SaOnPd6aCOVg	2389
D-HCg3DsXv6AD4ei3hM-JQ	848
iGBM9yfalW0Ymukpq19RIA	2293
2kVTzbOUiUy_8VqFRcGLug	831
2Ev745ivSvnBVnZF8divlQ	1932
U3KWr0RwDJrXLtX2DL3ZhQ	2331
_CI6SwuhZmJnTK3OzJO0FQ	1914
scPD0hQti4Uedu8I6uFTpQ	1965
MV_nJBEifPjmgPFEHDC8pw	1380
LhkUfS1mgzjqtaYvgYGafg	1067
BI4jBJVto2tEQ0NiaR0rNQ	1115
6XRsgFsnlHexdCDo3ypYZw	456
CsMtCV5-9XAUnZmvD0WdnA	2440
Afw5blb1TJN_s20ppj1OpA	688
GeZ7JQpjZ5q0_EStk8WWjQ	242
_8uU_95zv8lYSSrJOvspHA	2123
hvY7NY39FI_kE7rke62NDQ	75
mjXtZmhfCVhuwerWEk32LA	1890
1b-J8f6jfF8_LLuxv_H9MA	1678
AfgWAq84ecrZ_i2MLLOVlg	2140
t8F2v4I8q4nIbH9nqrcVTA	249
jRka6qegVdSJq4gjF5-bUA	2033
aPBYwmRFUPqFbgzOeXEuEw	1431
B8rWC70PD8EmWn_wxHZO_A	1447
Ibk73aIvVRTovuuzEWA86Q	2343
1yc1mkAGF08cNu3lKfEzWA	1877
ASxBMUVQj3bnq6JYzXGblA	2054
bcFdQEzx1GbYtQcYWe-NdA	430
EgMKMzGkTVrHmvzpSKW37w	991
YwNLEnHC43zD6wSY2d-_rg	2145
LAd1k860GxpNvn9gqkL1nw	1821
LyruOUGv1WOMVPXxSZPQBQ	207
lfZsqDpsX0VEEbApR4cd-A	2408
Z88N6qly3Dp5C06XbZ9IMQ	166
bRME7Nu9eKQdShBWIU94wQ	2183
fpAnwXR4MDLxs9RbWZIj9A	1530
KdaavNMbvE1-mQbk9D71DA	931
DpuJyhnAAy8pD0snRyFCGw	1730
05BdUNvpA0fHejnAuVdiGA	715
DQTzu9PjjQr1loorphL7ng	1127
LcwFfgniba6twjf0rrcfzQ	1142
_WN_cd03CmiY6X4JDCBfJg	99
sPZsiPsGidKv5Ut38UjJGg	1260
p4TqQodCKt74tT46eN2t_A	640
2zw5pNWAyn0vXxAylutJtg	1320
LoArHkfV2oIm6SoxrBaBHA	89
ru6TaTN7RrrW-NcBY1NfEg	273
stgxgt2xuphEjdbeYvW6WA	2119
ro93qfqiAy2F3HDHpJSr8w	217
wiE91Pp69ZoQagAzejUQqQ	1559
mIMUCRd-FxVK1pnuSfO60g	434
gXr3bRhppRV7EG_EaEdLZA	897
qF0DYL-J6GWgqGk0HcWZwg	573
PvFi714O4eDEybBRqLrQRw	2339
5zlY3NGLJvTv-CAwzlEdyA	1259
p6GbnQIJLC7gb_maSNuScA	997
iqgGYeabyiDGVgqHA4qJEg	1157
O1Nxet8Z477m8HCaTMuWew	1473
AbnZanol6LMlkueffePSPg	1813
M2flDh5HKmZfIphV1kFAPg	2236
6lF5sEApQ5j0mlXcD7FWOQ	2397
4kb3gbmQmWxNWapKNThCUQ	303
z2qmuu59AaJzakHHmaqp-Q	702
EvLNDibPBJRBqMkx7qslsQ	1959
YFgB7tA8Ykh_6rRq3z4_mA	805
kwx5lQOwsBdqWBXweozQtA	129
TAohQjBdt_VRLJvpc5qq8w	2239
FUiYODZQahOj3F9LJoszew	78
56RMH9aM_oHsbYecxYF9uw	863
wsVagqdnBUnkKDTuHyKmSQ	1556
QHIkhIAlkNavrJYTA1i1-g	2474
C8wCXRULWe7d9bHtL6IhAw	724
xe8ALVOUSDawiyV6ZNY4Rg	1161
uXtyk6RFe3Em1g_Xp4CCBw	1198
x-eDJ1QgV9GNPFgVhCrVgA	2367
rAioKex0YDAt5p2lhRbYlw	523
186IDGfhQiQ275nQ0CGBwg	33
9pWzE9Eymj-s6WHAmLxlRg	216
1SVuAzcRMZ1slUn6PrbN0w	1857
oR8fagFZtLqckMugxwyRFg	2172
nMwQjh8hVM-bXm9f9af14w	1935
mPZkfQvR2WedCk3SzHxJJw	1453
OFXrvbEtTBiBUBplsSYV3A	2227
F6dP-QmA4SUj0U3XLJtuKA	843
uDfUTAqeTu2odBABfmCfGg	1410
1z38HSDmY5comaOY6YY8lg	2338
y05H_1uQhO4frLTJ5_tGCQ	1691
K97gnnvwP_L2vcKODrST5w	1586
JdZiQc-GP6oZBMm8XKS5GA	1438
ZGx1vSGOTwtJgmQV7MdqgA	1365
--9hgcpqQPBbv0GFBQ4jsQ	680
a8X7WGvkgNwkpbRtJv2xtg	1232
6fh5NpRoHBLNMcrbIwkZfg	2109
IWWF93-TzLCCT79eCPNCzw	1548
y5Gc09fWLT8nd9k_mLnnjg	692
t-_xvNqgYFhczP7Nu5tGCg	1519
gABvk6IN4ajT52jCTUlfhA	1570
feRy7idfG6zVG5CTYNPKOA	2470
-Z2m-7WCUqGIeQ5Z537Fhg	1444
PIKF1v3IVsqc98376xolDA	340
Jy2ttM9reAERlVD8supOEw	780
ExHvldCwtZ23ATHkgkmdCw	912
aZren4coMHiCnfVk3-GyUg	1429
LrgYk-SWt9uAMobHKSuYwA	832
63KI_MwxGJR9K7Zwa-y5Xg	2174
tQNi1D1PxPQpp791Gf4y-g	2071
aB-rn5hdnSWdwOOxeFLcpg	163
rE3LdpzQr2qHvlnXeHCWZg	2127
zWLJTI5-r0FbZKiIfKWmGQ	2068
EPLR5E-K4BtboqXSNkmk4w	722
rF9bSDfMSw1OkQ8tAthPDw	1715
Ld7e16yvk5XQioai2scZDg	2473
EqheDrX4dKAP5Mk2wKkBIw	212
gVHfKyJ3cr_TrlB7i507GA	2276
BoFluR8klYg01euXk9MO7A	851
MHGozLnkK4sfSEr34GYPCg	2170
mhoZeDyRKDwcF3o4Mc3P5w	2472
AVUQ0_6rpKQIrAd9U4A5kg	118
j7zxrklbNsXYczrB0mhUww	2224
4acZpWiqZ-3eV9GnbcLb5w	520
tJV2Ecr0QXy1fYGCQrslpQ	2257
SUYNCb5RqlU13ksllIEr2w	1666
vieNLs-cBbLQOJ_2kSKacQ	229
H5_4LrqQF6shtg6W8iIeXA	1485
jSv-hP72rLyvmsPYvIbiVQ	2285
vrKLJRPT-Qk0MAkohwRWvw	950
ptBkDBYJvvjl3FHzPot4GA	2168
Pco9Wc8X8ZeKrE0KarT-CA	1908
mvEwtLwoRXrGio938sK8-w	1922
jIV82r8314FrB4OEXtMDgw	507
bNBtQvvwhwmx1k6-yIuPPw	753
mCEZTpyI7X0KxkUSg1T6JA	1223
wXNxtOfbQCFyoUnZe53XHg	1015
rvlGi2daqt6qMHVUrjVMfA	1171
xbazYQooxkE30CYQCLtEpA	709
3asxiPo6idAwNBjEYmXsyA	1713
Xz4cFbDC2j4CKeEXyliCeg	2471
uWKzBI4cFeQvevzF8rXwig	551
dkWaUlWdHsmZQec6eEIyRw	1197
rWKBz8HYRD99U30SYluTKw	1885
2zFKFGiVeNz--CkG2Qa4vA	529
NqG1EwA2RAu_CdZfk4dqeg	879
SgVs9uKIZk0_jKfcnqcT1g	1309
veEe1oYgaZf68Dcf-JWvqA	2324
3VIxhneKZZYr7gzW8sz7GA	268
q23OrlxN-NqZyjTUnu13MA	2237
PYxHpeTz2ZxZNJEBIAJgvg	2326
hnduKDi3JrjpcBQgeKb3kw	1788
zUdFSa9EqOsiNKXViUMoQA	1160
6jEeCpNEU9l8CT9X566Oog	145
AV1ghY245lq0UncoHuMBXQ	1336
CyhlEBwoFAuar-pvKXay5A	2373
yImGZHR1p2RZmkdG9ZXPlg	2498
9ewxsYQPtbV1EpulX6BdCA	1266
N6XkC7G9m7JYAi4fzjLr8g	516
TV-p7XhRG7UKQY2JKxCkRQ	2074
0vi94-L7iqnph-M0C-ePLg	1353
DoAnNXwpBUw9ymn2Dy-Aog	1373
xmd83p2Xx4EIKQnFJ8A1pg	1933
qLqX9x3wIhOhuKGMJC4jRw	2526
oZqf-yKIocB6hw2yOTvIUA	2420
aHtfaBSx9uujVEPBNTGrfA	1246
JGFDlXm6_gsCLgeHjV4gsg	1657
xylAghlci55aQxxe8Vs37Q	1916
AojBZQUgRHU8mdU1G0ZgVQ	1403
Y9yIoI9X_2IT1xp6q1s6cQ	1699
JylSY-c79Tr-eElpqYp3jw	1462
N8XMKq_9UsX6QOQvEnidtw	2481
8VQbeo2FlPV3OkcFRFUagg	808
nI2oZFdZ8HNhclIoy9yuwA	120
wd9-N4t2p6rgJZ8Z0oKcgQ	142
pbcdfyfVH9RH7ESkmPxa9g	2266
hjf3mK9mV1YMyJyjAyRurQ	269
g-7tplx-UfuHvuN3fWxoow	203
oAL4BtmUM2QM-30qlpB_Hg	983
pItBmjtYnEfGh39F7KAjVg	1540
p3t4TtFXePu1hVY18jglOA	526
mr2bz7Y3O1RyKpQbKny6vQ	2180
wQEQUpodCBj1YGKownwu7w	672
V2xQUGG-1c-PgyUVpVDMQw	215
pQ3wQ7-djXVl1YSH-tJs3Q	376
Q6E66wyWs8OOC_KxDLT4MQ	2256
Cl-1mfyk0t19hi5iGyqOaQ	1339
hUNrdWB4YwT-Qfb5QekoXA	1087
36epXaWUTFC_MHyT5X1AVg	1902
B66MuRJwQDOCIstt6Kv10g	1705
IDt9HHp5EGxHa-8f4h-Seg	1498
853evY8DKuadi-5-IGnWGg	1723
HhBXBX1_XKhsCYGaANBxag	2153
_sr8WDXiT0nwIO_uT3itlQ	1404
Dz8C0WpYHcUNKqfT_IEPsQ	2192
IVBD5CsmkbL1riBqqxAWJg	1070
5PmBcpjzJWR60KXAUhjZsg	1333
FMKVGTPIFF1qN6iq2M7V7Q	2045
LukFk4l6N737uFM_hoQesw	864
5S-VYD0YHpa_TbRsfUHfqA	723
HmGTxXDpvrQ8JxKW9W2Rug	2161
7x9gIndrPSUw7JAJesfPrg	374
8JYhkra8rs-uDPwrn2MaXA	2555
t8NSgFhVmgft4Ygjtuvokg	891
T-Ol6dgvGAzIGf9ODZQLJg	2534
JR7c1iAFFWfN_S6qgBXnSQ	106
xxJi24czJiwCWreCQl55uA	1880
h7JzdkQJ_syUy1exfotZMg	1630
WoHgh24cDEq7FXOZ4tHKrg	1082
5NK6YiAk51IHJEtq9e1FUA	1237
IFfY43_96JtXOzbHjh8-Sw	594
5tV2yjnpXWXdZtbKWr54Bw	2542
o7Xm4qWtcd6YxxCwa_Y5bg	1484
T06Yl3men1U9DHS9UPf8Gw	1824
g1RejQ7wZHWh-eAjAev1nA	1604
LalVSGYgv20fUI7txiiGvQ	1792
wi-1DypdbnlJ1fYMJslRSg	299
EC-R0feLNDPKjEQXtVmP3w	1214
2_JcsSlD74IogDm3RmEpfw	471
g5vHyNft-fX7oTdhJYEjig	2511
2u-RIZk4pobasmbw8RnfMg	55
VV8K6fkUHjy3QrzuyeYY1w	842
JqGZb9n_pMvComFxPOwYXg	1680
7DC5ls4k8TEWoOGkfC83VA	1583
38Sl9EuZH6DNL75yb71Dfw	2250
_phlL-vgzK4qLSocgYsjCg	2156
RZ28vZ_bb2KanHQSX8g7Xw	1892
DYVcaDSfwhe8pDCnV7gLKQ	2403
rfR8LrlMaPB9N5HMl4_bBg	1352
TxqssawhlUEdlSa6Nghojw	2418
rrrg0qGi1YmdLrQAkUZ_Eg	545
9QPYPmfpGbFZwNjU7qmdyA	1060
QCJ_wO3XIC_ApmsXc_6Mfw	2312
Fubdgb3i96c5bnKP_YSORA	2355
zqxjegwPjdyedjF0TshehA	1686
20r0kQeuL_JdH0B9ZI1XHA	2353
cTUwqtVOl8DfPr-Hgw6GAw	35
DZ1MF3OoRFlEzseyFVkz-g	1013
fFYtLBeLQCEag3TkXYJgag	86
cESF_F2XYStfApl11wXVOA	2564
u0LXt3Uea_GidxRW1xcsfg	4
jjvOT9PYTw8NDfMBnB4frA	349
CJO2rGtnXC7epaCDlIcpIQ	1261
FUD2VZ3g0o2gSmoYkSTVOQ	2150
6XbEHouWQ97saWHnSPGSDA	1256
hNXzHI3VoAUeqs3gx0XdSg	2194
Gu_YnJuTdOH9pb4VfnIU-A	2205
uoZ3r_6XNs6f669WfTLRWQ	2209
A_mbKpaTaF-dd1QVs1xeNw	1138
Hkb3d0OWGHqzpH4LsSXg5g	1258
stCrtzoT7TqGip2zoH_nQg	626
Ob-ZPEaZIbLTgrwUJktkYQ	2475
CmzFA1ZIsUaAqOfNu-AAew	2482
u0gw2ergAlsUZ_rCaQMQZQ	1398
ptPD33zoUehWI_1N62KQfg	1878
2tSX0DV0O9SDkREaI3-jtw	335
T7EgAUiXLuktA5wwuD8zWA	369
Wc22-dIH6rrgElrMSxVvPg	440
luqBQXP8ZnFNiYAGCTgjQA	259
fXH1I5IRm8J1p26p-8O4Qg	593
xi2zUV2vPBzitA_SnKIIug	1990
uDncTA5UnaoemMKJlnZLmg	484
DXlCCYCPsTUJNYgS_jJ18g	746
oQh8MENypk5rTDebfm60jA	1212
A5KnLD4z3W8OOjpHMETMKQ	1270
dUX2H1_6WogjArP1a4qIYQ	36
7QIOcBTRJpy8xiac_JvUig	1683
MLZos8Pr6rkGWC70ox9nxA	483
HcKXOB5q8L6yMhcHHZBh4Q	2211
sk12l6MB3S99N5OQOh8-1A	2433
nXlhbR2av5GZ2ddkdJhPwQ	755
CCAc-q97kgn4VlhEs8xFYA	603
9CW1lCyW-M2ns0RaLZvhBQ	2139
3HvOmGX2Bpk28yBYaa_iOw	1969
0X6-k6zxbbV8Crq5SITIkw	1983
EbWcvk_lj1JCgQjW1IWZVg	2006
_SNsR9xAIwrl5Y2ATRZEuw	617
uBX8VE7cGLU4i5Nc5OnHdA	1766
2xIwzhJ-KQm3ci3dms9vTQ	198
DlNh0XTPoWXhVBBuuhY0FA	1590
DZH4_UcfaaLu5Q5YVhrLGw	1051
NC_OskZ6IIDEeZRXV5MJ9g	1277
V1IiWOeVx5oQzhMF7yxtQg	2296
-0iLO7n_OkHfdR4KokRQVw	1125
B22opz0ufEMymKJmdFNgHA	2067
DnNPgLRVR3U-63biAvBUOA	759
jDrIAgJ8YJ_LnaUznobF3A	1508
tF1hlTH2oHKH4vjKvh_XXA	64
fgdmHur8vKJyJhXLzPWD8w	677
WqE0TUHnepdfHw_QN4yY9Q	2003
xtuY4YLSxf0nKeNX8Mg_Rw	1522
UV_K-hETZ7IBp1tFrA9UGw	1917
TKy45oyl8EEV9c0uQx6rFQ	2264
nSxBQGzL9iMAExMsPloeKQ	2485
rbAr40MEPV6p9qklgeChgA	1950
1ytdhVOcLcdvZSRoEfkEzQ	1308
sMbAu_vm8CMkglyJFJT2lg	1069
jVvGsop3K_wa1qFyu9le6w	1938
koluLVNsxWFOtxeHldWXig	756
6fu2wSuIaNY7fFYwX4hqvA	1406
AuGC1Rqk_kC48HhCHULlwA	2337
THacrF1-9a9GeLMPCGQKZg	731
Qg7TQkC0vpGw7U6TtL5DEw	2080
7RzAA4ES15PXKoNlmcVW7w	1102
A2hqI_RhgoS3DVY6w0Rvnw	1252
Xds8mh6Iq1Pn8ru24S4_1A	517
Lwl_a9U6Ue4cJZjjtI2-Fg	1738
PLQ65Zi75koVOddTSoxG_w	1200
bU3IzGNkDloDMvES8eCsVQ	60
CWZ11RE54-fd7TIiM-uLdA	2014
0Nl1ptsPOY4MCoEiJlY4Vg	1765
PjHsq6UY2NMxUOem-oy3tg	1946
3Yr6oFbS3uwMl6HnwGYxaw	778
UgMW8bLE0QMJDCkQ1Ax5Mg	1325
P82Gpe2SaVQFh5hslfvLqw	2214
hNH1fNhDfYU02NbL4BqRtQ	1727
ByteQOidXqg3E-Fp0pKaJA	413
dxJo5yCQjgGUU88gjweiEw	1076
KTt9PQ2nKQlcsGp8NuWcCA	1095
gsytlIBYTePiVvhrLRexFQ	710
nNnw2cs9iK1nOuBCOI4wIg	1811
5-vrXPiVuptblthEHcLMvA	292
oTaQpBwfPUECWi5yzdAn5g	1886
ZtfFAqFMYyOzvWwVFSkJ8A	2178
PW2WkMdTMguNqV1nDURUBA	2357
kgfzQMxMJExCzMA8wiunIA	205
utq702Ojj8586r3NIHN0OA	1023
AQ0NRRasg_FA403S5gKEDA	1043
PIzHGPBrv0ZITgxhElKxrQ	2452
zZMcmEW7AAIC38NPGvylhw	2568
5L5W9aKvFE15OMeS7Wkt3w	79
jRcAho4oH-5i4hM0FFlFGg	1873
SaUfATQQEIy1_d3d6CcKMw	350
rN18s2mIJxLEemSzkW9qog	674
5h7fjr7wFLbpcPvQ3w_coQ	1785
mucXK1c1etmh5TlQbtSJcg	1803
8diXszW2N3u0urQrGiSciQ	250
8okt1nl-g2RL3ylWoqj4tA	884
xY0JeQSvAgeRfqVHQv0EQA	966
JpdomnAig2eKq2P8SBcwzw	179
c6bP8958ESdaJtpLkbFGtA	1605
f2jJqMvb1yyR5Q9g7W7v_A	12
ctJNlO0AJSk34qp520UlPQ	199
IOwZh0ya6Hn1GUVDXXoWBQ	1985
b8HP-E_zEzvUIQuFInsjMQ	420
P5KRGhhqA57LL2w_m_Vu2g	813
wdDGGr3V_9hXiWrdYd14sQ	2191
8Bgbvy0asjaOlbHee2E4-g	548
fOVtQladmFJm8IhGGrPXDQ	2012
msFN_tVd06Afaxz56YMkrQ	792
xMemtwLTBbM4XQaKkAA4fQ	827
zdMJUmCJtF5agSHv6PYOwQ	1113
HH0VIXeSEL2F_Roz_Jo_YA	1021
213Lx0IeepgbqtKxw3o7zg	888
eh1bQ1KcLIqRlZHOb8DyjQ	1075
iVV5kQz-uNrxKLJZQq2wUA	641
EGFlW5mT9d6iFRajSi3GrA	2286
eqP7vtqZWU5PeM3WCQPeMQ	600
_XlI0nqkIK9JSKnZbzoNaQ	1253
0wIJffH2YrWTVmLuTZaE-Q	1706
KGmE-iRfRwlWObXeRV0nBA	1546
Wi7oBpvrM86MC-qee2gG_g	331
ZstJsJ8Ktttos74JJhFRRQ	1093
H_S-yF45yjG8S2W2V0nPig	2122
XIsVH87iKDHnftd6DfGOOA	90
ZZ_IVaPbX5FLUC4exgyYBw	2251
fsziQkJE1yS-3xsrSvB28A	1536
EJDXySWvDFaoLT1ZMOu2ww	1742
dic72LvGYsma_VgFSlAqyA	823
xLH2OCGwz4H76dOsiIZv0w	1389
coOzbYyfpHouoPfnfvL_mQ	187
hZEy3Px5e0PamEY-dQbYEA	1294
4Z98imEUOp_D9XofJwDqJg	1670
sX4Owc4aapyDSWjTSoCUfg	50
kMtBMQGPPtdV9oNtqGDQ7A	183
VbkKgczATTEqL5gX_0rFpg	1167
nhhjsunhtato2YpaCASeMA	585
nyVMucNs6I8N-COK18Ml8w	554
7exbcS2tgE_ieknMC5HDZg	2551
2jeWfxm8QYhi2ZteAdIVVQ	1395
C1nm658cP6yPspNsAWS2GA	559
TCuC08-vEXxcK020z3t-4g	344
Iy2VydH_m0HgJLnX9320-g	352
VENAWqfzVOicdJUUlNJCEw	241
Juj9Yr7mh9_9TN3vIfB7mA	1951
0VbxE6JfpRUk8O-98Upc_g	1335
ONX0kIQbN6sT6coBx2HSNw	1412
ayFlS1IqpYSydANOkgKnMQ	2566
C_TRgsGHEwa7YnyDVmpMVA	1464
WLDcaRkgNLbX7PLs8m4HNw	2377
ZeszCItwPOMml2bhxI3Ekg	1292
5eR-PRJEITA03PEA9GVupA	1681
aDDupTPxMa45uO9NpaKBIA	901
B-Q_Yzxt9g7sK_EF8RNgSw	917
1MaTtKi1de8cQDUqBlR7pA	1290
brkoZlZFTbEju9DszaTDLg	2195
lRMyLsZp7qzFghZfQV56yA	2490
S8Q2KvOjbVjJ7P8SYZ3xBQ	1952
G0cxjXmzWhCsfEYgPSPq3w	2193
lzmDA6tneQs4YKZYJlPC7w	442
SFpKw1doy6a_hoXOOs2fng	1694
JRANyQdoydCxxAjlGlmRdg	576
eMby3WAwAYimtNTgJmbu-g	1302
qis25D_-Mkfnz2NYGRO0RQ	475
aXbwZCknQmbrGeZbHmOo8A	180
Vev2C7wMcvUOgEgrfgtINg	1443
gASYZdJDaagm4jht9oZLBA	1203
1biMle25u0peanOy3dmEeg	274
qF-UpJ3yH1mz9z0XW2XVmw	2226
nKXsdYQ5j9cCjglLSL1KmQ	1063
tUAOLA9J7sr_Ct044vXPzA	1086
OImYi4UmeKjTHymdkPe3MQ	1901
rgh8jNYv8gp1b8ZCJ7U5cg	2242
Od_hMTxx3c3XbhAkvoVauA	2215
MfZnW-PtVon-BjI5O5UiVQ	346
xSE8DtQMrR-9C93p9D1_iw	2297
APAs2VDfRQrc9PfWGp9t7Q	401
p8Z35hJhtG-p8gmzSvJB4g	938
U9vlnjo0OF53X5e7hCztbA	1426
bgIv3xNqkxRfDL7zDnX3Nw	1434
purpix2GJrwxcOUNulKWbg	790
GdDir-SjbAjqv0ptbxYJ0g	1633
F0nEK4SyTPx8znsYU5oUmw	278
UMS2fP2GJnzlJZFCPqfo4Q	1001
jO8jDgV0RD0JXKqIBRe44g	1199
lKdLzzcWOTV7ttgiHwoJtA	1457
9-2DNzpdFfPpFzkdvGbd4Q	2393
5-e396Q1fOeVCzhtTiI4mg	978
_xnQlS7ghXnYs9Z7KOleGQ	206
6Iq9k290o2BwZd3FVeXvlg	1215
OMYF2u_JBw4VrHd8AWXzqg	67
qvepe_EQoMyhT3HQ-ksVCQ	2379
mbyeXlUpFsxdaBzYtrb5CA	656
XJmzlpVMeGuzmMlCOLDwdA	1459
5tfHYwZ6eeR3Alc-Zi8kMQ	1619
ZYjOfbWSD6MqTHEsZR297A	700
2oZEuBYhqekiyTk9P7Ikyg	2510
_WsSNRLmSywNlDO7T59J1A	937
6_ECnLMiJMi1720I3q0IXg	874
FNzkTbu4dI4HRJ79HkK3vg	1355
OhvGy95k4FcwvYic2QcibA	2040
2zSGl9jn2VW4Cp4jxVt-zg	245
AWIVcIPM61KkeX0yfS2mGw	508
1CiGHQpGS9tXa4tZcpo1sA	747
2J7KDAl-Xsp5rfqY0CEVGw	2545
mf0jMQtAHnbMCYukadwdfA	260
5XyXJRqkoth0GUfqkhx1Gw	1826
sh992UrUxaFw33ktcTGp1Q	351
vuAQ289t2lrEeQmvunAvxQ	2295
B7_ARdKo_GT-gjCSRGErXA	849
UewtV8pT94tlLaXpTOZefg	1291
Brh75XL0AOZQdrqP18vX3g	2313
WFLAGj_4gsNm12bjVj32XA	1664
xlExfMfcEAjHGgy4McuFdw	318
9Boh5rps_JQ183aVok6MAw	1432
w2CwNyhrsrxROaC1G_pIAg	1179
jBf3xXuv7rTlteeMGXDsKQ	254
hJZy9HUBMFHc62oPnaBswQ	720
gwj_Gclvd52CPIgIGz1vjg	773
90BqkTTrrruR4z1A1HuUng	1372
BQlxtLsCjGJ-Mj2f1uPe9g	1677
lHLnyiVJ4gUm3LQ9L5rfJg	1629
bSKzxR8zT9dmO_uo0yGPqw	2290
9Da6_gfFD-QwnkacAGWz6A	967
KR7tQ7m7olpuYiFGBlyODw	2272
p1HER3HZZJ2rgnZN6qWEPA	910
9CQtiLNIVNJxpzgN0o5t4w	505
jx8Ugw2d-7N6hNafPBmKpA	2404
oiu4YgaCfMN2pJkpGmM-_A	984
Z5ypWuBqaQwxDnqrFjLjbA	1327
Fh6n5bII7cN8VzoQXCkVUA	1423
-ePCj-3ZG7-_aANK7d9VqA	1588
DnRqdKhJzm4uBgHyrI9jjg	1635
MCzYwKnVqSvxRKCiLItdFA	2464
v9mw1bUnzM9Y6FNoxm9coQ	821
bkd9MfWBfIpl83ugJr7V6Q	2521
BdX_XvkuMQLjJKKSkLxvpw	1662
miUf4a87cu0nPaR9eumzQg	1930
Rc4gFZ1MhzzAkTjLp_C8oA	2362
cu0nuEaPJIY-N1mG-rEljg	463
xGVMwT1UzSVWE_vqBaPyQQ	1939
cK3plkxXrIfzWxGMe72_cw	397
HvdqNvI8UdBHJow9YNzLsw	367
4xr47ziKdq28IJm702Om_g	378
j2USmQ7188wci7OsMevC7A	2503
WpB1sCVDNwQGa0v6u_aZpw	1315
lfVnJhGx9g_LdVGbaRHALw	771
u_3ljHwOBsNalCVFgsjrTQ	960
cLvKtafmXCc7yitSWB3KqA	1054
QSOOzDiBXhRmnbtG1fbP8w	1144
fkxmzcTvgSLRnxKe3iYWTw	202
09KPCp9W_NalQga28aPd2Q	53
zRRurs5wB7er42zvPktv9w	156
QqPU_jIh4f3mi-dVox3GHg	239
SiX5Hze9-5cILPzo6aFRVQ	957
olaURZGypzlXI16aTBoELg	2390
VeB64MjIUzMR0NlDUilwOQ	186
_4Tn4zWeXILF6WT-387u5g	681
6L77vCxPhXYcOPqauKB9Qw	284
A6ZjOs0QYYKF39sLvYGDgw	1802
z-PzWnBNjnZmGFCJhtIrcg	111
p1i51otqugglyMjrstvsDg	2212
yLECBS0Hqw-6IebKBnDNvw	1856
O1fGAu4tZ34wCVu8iGdJ8Q	924
Q9JeOBcB7mC-5QqzUlwEbg	1679
MdDQL3CqE_Qp7n0Cs8Suvw	47
u3EFpG4V7jkSeGvUBBe87Q	432
WlUIYRNyemoTXSitv8TiGw	2406
BA5gKPNLmtaza511ZWqaQw	1928
fvqb32VQVOnqKENISjK4_A	1961
MRXVwEn5P1lLg4TWBHGbkg	2486
FmUej5nBqqSbu3bqfGWN_g	634
Q6pZ-2AWgiafOK9QyAe1_g	2333
U1INWYlKnKCe-R4oro-H9w	1437
QIRpWyQeIG1juNLCt4Pqeg	949
0OIVLfk5SqztbiTaV2KB9A	1343
pm9AGWGb1NfBVAcJGFmY4Q	1918
SeACUxshhc6fU4qvUyYoyw	257
4e_HrsmIgwrbHO10cr02HA	1008
t6hQEVk8CBIx39skwLUReA	1411
9VeOehWMnwiRDRhXOF8dWQ	2364
6IQnWMUH7F3LIbSFhOOgWA	343
Dt7sd540jWxxvNB8nGDBQA	915
qIDXeZFd6AEK3ZN2EJuwOA	1612
lm2xtQtbVaE0XetQjTaC8Q	2281
iUsggUSVTUqXh3e1CTnf1A	772
2E-pNGYeBJW-y3xoQCb9Tg	774
QKnQ02Cm2xllb5Q9EZSoyw	869
SyNJDF4DH3-7t8HkrSz2DQ	540
Yy8RP9Qwiqtzxj4WOG38SA	1472
wWDzS64llsDr2sJIrHvp5w	200
FUx5F2czeoDIMQ0WaBAqWA	404
QSgCYMCm-nv40z275dc3cA	2537
OaQtlb59PPrckeWwfW0RaQ	2411
lF3qFVPHOAFeby8elk2iHg	2259
el3tKQHQLXfS2z77YjONsQ	906
vecCT60RYHUZHLmScKhtcQ	189
gTCiTGlkEnmVUIj-QPuehA	1090
WORlt-sXf24jb7w27tmi3g	1029
7916W_oBBe7nSlubcjOG1A	2465
kdBfq-rRU8ZmQa727sjjjw	2495
tSpdxzwVKsuRjlYBQc2gMw	1348
6kvGowEk1AvUUwWHLkJyNg	2453
PWLnFhHgIqvsXFpHg5TG0Q	719
1Y4I16KB5zZ1d3wStQX_6Q	612
uSyOgLRuSXzmZ0XTZ2j0Lw	1515
1DKSL1-WMSwQ7gDzLpV7cw	1607
jdjIEOJjNcy5CUuM2r-Zug	2459
qY_wY-ofuXwH_1CVu5V02g	1286
AYDhPAcY015eH55G6xdHoA	2144
0c975dJ-MuZEyH2IWT7BAg	45
xiFNX1X-x26-04AbtsA6XA	424
1z3P3LBmFi7lv_0px-UMhg	1010
UM2zVawCJEX-hCZ88BB6qA	1505
iRXoA8XQkZphIzqoiocQTQ	2415
oMgLv2Gizl0WAriey92QQw	17
qj6yp-5xky9ij90WarUrzg	32
t1zINgTs3WdzUkuD6_os8Q	2036
PzAgovA77AFlQC6AaEgkUw	96
q3gLuaA5ngXXuf5HuvOJEg	549
WGYGTtGof1GKHYFyciVLAg	1148
BMt2_41Y48ONr4stJAGvMw	1278
Udy9MY-VuLY1WmSWOcYfxQ	2157
qgWkOkr-RIDHPc_ffAoDig	726
Zvdt7C8KkLFJZoHf8P5utQ	1518
VRRNRkDTibwfubsB2hqQbw	1287
GmxhURRFn5z2Z9qu5tLWng	2323
ZFPUY7S2vTzshE80pmenjA	1599
NmB7zEQHd9zcMWqsen74lA	2141
HzkK0F0ufZi90xV2BzXu8Q	2361
i7S7iv9Nzpi_Ox-ZMA8Dug	571
pDdxBTsrdC769yk3HBytSw	152
GQFXvWDiMK4L5om2836vYA	2282
Ej6mVL_UKdO4z0pB4dLMyg	148
bv1B-qKgd-K_AJUSTaevlw	1897
DVuPJHEeQTmmInnGlnDQMg	2349
sBy8gr3iX3GtAxv9ubpCDg	1931
ORAmTzXlrx-SmQWH7giTBw	94
hS3FmV5pnm_f4EZm1XwuBQ	1367
I6Ofuh0hzJuCLWWE0S6vlg	1105
ByYtaZ_3IKp8EjSuB3Mh8w	582
NBZBxBJqrCjMk3Ylw47qYA	493
L-DoWMz_c5b6nPl4-hFxJQ	355
5f4A4jJZjI9JTSpQl4awlA	622
tr-6NpMNTrqDp09xZ2_tLQ	2132
Ms2nYy9bd74absDLO9mkzQ	1592
CXI4T7mUCOnFh6fRy-c4Uw	2416
pWCG6QistY8cYv_ASd5Wyg	454
69Gilf89Z5u9av4D4t8XAg	2176
CljADmj8JDBtJPrW_jQ-AQ	1456
YlA2lw7IXjuSTGXamLK87w	872
ZphtqkjjI3pZzTrhMOIknA	2070
AzEa49Bb8SO179872VvVKg	512
FAZ-x9ASwnLk84_mRTfiUA	927
vAthJSqhkZip9yimGyfyFQ	305
oSKDqz3pCXHMbriP-1WR1w	2019
giEji6tkgu0ZaaqgnzxZEQ	2430
u4iabmsPXXyJqdL03i2XwA	1299
rNBoay2q_2XiyuxMr2INuw	1846
9-BuUslaWcCL6yLRTagYfw	1058
2Jz8k97GyJttOXiiQqtiRw	117
P4-p146HzlBDtpXprDhFDA	1804
TkvotH2cCQLHvDX7apuFfQ	2091
VYJhrYcCxM8ATons3IABYQ	1460
VzU8QtLV8oonqWQAW36X5Q	1581
_wwLWvzvOIEBPfgc_HQ-aQ	95
yvFm-JTGnnVF6XbXVT_jng	211
vB8m55miJDe8xb3Xnsmtyg	666
n0cfYaoOlLhXEwIA-5Bacg	936
2WgormYi3X2XJPG9yKYR-Q	981
K3XWN5k-cXqgECUVBX2_gQ	1153
JdED1gr_nbNJdPSMDOkA8A	525
_4iMDXbXZ1p1ONG297YEAQ	3
BwQ3zl1lGXOot-5xwOuKgg	15
0vKXwHMoFrEdtfZtHpF6xw	601
njwk2KvHnpBmNdnYp3h4pw	61
pSJoscaGmyeyEa7BICBcQQ	110
VCOS5j-Fek6cnji_DFyU4g	2309
Rp6sDo0jo77kkWfaKHM4RQ	2298
f_prs7U9R149CJNHbcDCyA	2197
OnBl73mSxWp6SvdHSRvUtA	1884
n8GAxD5lRyt8q3ysPXMDJw	651
uxJTQTc89RAk4XQKUKZRYw	332
tVOaJ2GiH5cktV-VI8RuIQ	141
sCj9i0qpCnzOpkgQgRSFxw	581
Bv2zTBLW7Sor8LfhL7lEnQ	2247
tnpE4Rk9OJLDWLqyejLzzA	1708
4CodQfAnQscXhu0bsN1l_A	921
t5rY60bdg_-hBqQaQwW0tQ	682
2HBHZjcdrSm5jkDAoUq9UA	2114
OWt8W6W3KTTk4f0QDs6Ibg	137
jG0wD3UV8sHaVOEGLodVLQ	347
EkiFT3Iw7Nr17ohrrKcHjg	435
5iVPD_Sot0bBXz35wYXEww	699
1w9g6oIfkY_TWjmLQHw47g	1209
1Tp--HyCbxn7kfHoWzktdw	2031
ecHmZT5nYAqYbwrVnCQX_g	158
_KppztlLybnnc52bwzMQpQ	2559
u4zlEH6tH4IW1c90W7PDQw	550
PyhE50GaR1x8JdettGb4Wg	2288
JcfFdLE5vT1yliy_fFkjlw	188
wKQT4k3C6lil6pE809jzUw	409
wPuJ8SBiWKNsq3JqcOnj9g	1400
NGQLOuvQlQufEtY6CpzYbQ	1860
Zfep2EZg7DrQK3mT7wJ-Hg	2562
jGPL46fWBV3PEKTubXoU5A	18
pbYTgMQhU_dw4CI53YBhfA	2148
PnDZs_UaA8xGr2zkHPycwA	320
Fx-cqqrnIk20zu7vrJSV_g	270
6I8cyYaZ0HYSDog5QjHD2Q	544
tYxArCpZabH6--q28X64Qg	1956
NEIhC5xQjweDEeuaWCGajg	2500
MghuKmd58HFOoHYl7Ex5cA	2030
qbeWYeU5NGYi7TPMxUpK2g	925
bAx3EsAzk0VjeCXoD_o3qA	1221
nNzykiHc5Rn225Ukx5QRug	136
k15O7Q5piGClOdFVOyKatw	777
Cz0-W5Ks_Q7fwAahsDYK5w	2078
aMxgZUaf1h_7Wv46G3amvg	2340
1nFXvl5ByvFSzi7rUrdeOg	1862
aDecXrigIQ7DGIVu8j7EYw	2488
AFa09-FK3Ic0hBsK8W_6Gw	913
aQkpI-c8GhK-8MkChFusvg	1563
TZE9JfTqY6dcCKPeHg6FeA	2434
WekSHIziwdBYv_F8nKfmIQ	223
P1NfHwan4gwjLv0YylzbSg	2547
qPHbGoezA3DnSDdcabXwhw	161
WVAef4CmCIpF8cqkCZ3UZA	2341
GpAr9Q5_66lCSwHqD2U6-A	140
qJvS4Eau1CIOSaNhnrNCFg	664
H1KVAb9gjLSo00gXgt0V1g	952
FdsUjsPsvFtggT04wTtlPw	1166
6RxUTgwNGVnSGQ_Pp55tUw	2050
GX5S6kNEwZwlq6BPu3vtvQ	82
c9Z40fS6iDKR6OpRs2n8BQ	70
OmEpzRfwZAgCS0AlDcj9Ag	325
mA3tALTzmDunDRctGEu-wA	1014
wSFa44G8g6JFaHvjmoERKQ	1056
3108xeJY3pZ0HBlAzC5Llw	1868
GnA-0XGNHT5sMJf4LbTzHQ	1119
Yvfi3fWseLa-4KLAgRLvmQ	1644
O-gBVPO6ClN_ynVHMcL5Zg	73
w4eoQ02N63vHK6ClfV1Azw	2185
RYmEkQhgBqP1Hmkl3h-cyw	963
ENF579YmYhCcv9MVhCdrrQ	1289
dsXM1dSrzRKxTDYp64NmOw	1081
vmJy63hdk-ECsrF9IM4RAQ	1230
QEpOcw8HLwqh7xOtY2-RKw	1648
tvSKJL-AqbWeB8qZrN4hjA	2287
Nka3Xy6k5C49slpGfG3-QQ	1045
t6MWtSAdLYa56fE0_qcU9A	667
OQ0w733MAVwGBVk1p9ChQA	840
13kmNgRRJQ6UTKw2b1HrKw	2249
zqL1BgthmorUUuEyN2mm9g	1825
sg20L6mtw4OGbPNrXLkm-Q	2278
3Raq3oQdY9IhuxaTzaP74w	538
4DQxUNKoZ9T0h_pbS_UgCQ	684
GBEpNNU4Hty5GeR3kD30UQ	375
_arhyDiyrYasbTnmnOf0Gg	2001
umX07sxBZNpIq8nLAUA1rA	513
mFlZMhR2GH3Mo61vg5ok-w	501
WsAVBVnXKrLTQSz74tS65Q	2549
vWHgc1FT7HVTPr56CrvYiQ	932
0cBH1wykm3iGyawFD1Cn9g	994
rWHLFmcjeagoWtnVnY1n7g	1407
QEV_TgACmXE2O8WNDNE2mw	400
GfcVTz3TO1GbMz1mTZbndg	1192
32xv6StVDcX_j1HTFlOBHQ	2378
PFEOAFNrcRZY9O6u10CGUg	2026
YC5blD1ifhaG99wDSvs4PA	2546
8hEBreRmN424r9Mxn1pXTQ	1864
r49sQa5YDeKVyYvNgmT_nw	1549
-3_ZNJtPWlnn5n48T16ykg	1841
DJnBVX2Tb3KS5GQCmuoIdA	2202
tu0YHzdQnHC2afvBLW_UGg	1624
t9XUpMA9SgvlAQqQQtKb2g	730
5ANzmaMFLpi2EvXEIuZPuA	811
k5KzL1TVuqmF2WKX52VdPQ	1921
_J5uLXOcxSFWtveJq8ekpg	1293
9pMDpKH5OJt3yE62SIlL9g	1306
oTVzfKlP_YbDKD-266g6vw	1574
VDeZRW6ZY8dwUOQtq7KoiQ	1904
MqzuEQQxMfeB724_9v8otA	474
P0bUVDIRTdc4YFtaRzctlw	2405
5IaHGddT0RLq1-S5LbP1iw	130
jJp_zN-Ntdd7WVPkmuQLpQ	1717
iCALBC2Wl0BBr0vZBb_wWw	101
Vq-1rbEN0n-npzwwLMZAOw	1871
ilaG8FGjE4JKjyyUe4CSpQ	1949
D8CF2H3DYtNJlzR0IITMHQ	2478
i0FD5BCJIZDPnLKBbvpOLg	1356
y5w9S1brODbCMMx6EVY5Jg	1594
Y4AIcaOdY0XO9rtYaYT7Tw	631
d5pBYG87m8_5SZ8M4wvmhg	2311
8ISnlJa7kUJd3zehLAeM4A	1201
uElwSaDKB0LsO5EZDDrzCA	426
DPukpueSwkj8dBtJzxsQtw	615
1DVPQQ-BfdaAIdNhgi1uhg	219
5vUSuLy8gNWOuNINWttmDg	319
01s8HjxXPgR_TbLQ-7MFTg	1992
co8jjJ5i6CwveCqSNAfuUQ	2099
PK7WzfYwihh-IshRNubFXA	1547
b6YATgMnm8vCus6iOKsopA	713
wSPqtPr_OHz1M6WG3OnZqw	1673
ZXOgZywZQIRX81tiGvq7Jg	1741
BO0EsuYkvP4P7C1-hoebEg	2208
0yQdZsnDVinln2HRQmc_QA	2142
H9I_lWKh0M4qBckKEVWdXw	457
qGns3ITs7ncbfz7JqHdq7A	1595
oBBFk-MpuazctPiWUzxpcg	911
jLnG1o0KGsKc6jj7rJfyeA	2190
E0vrgMoSuZfloQ1pl1-zNA	449
I59UuTjj1t5O0cWT2G94MA	127
hlmW3xRK1ZZKIXNMmELMPQ	596
PA8a6AOLw9TUFB1OeT90gQ	2497
SKc7xOVRfMjxs0uIDVA8aQ	806
Rm072fehmxv83Rn_Vr2Yuw	1028
h4FWjawsNegEXMDQ4OjKAg	342
p6C62O_dDpiDlC5O54JlQQ	1409
rj7yFx2kvT7SCOroVM5v9Q	2143
PD9FnMjI1AjRZft0hGwX-A	228
pwRqXh8hjzzumgYtIoEjog	244
j-2wdG0GzomRv6v27L4Ppw	1621
SyE1DE8JPBpp8rlLB60BSQ	2483
Xfq2YwJ5THuAzQxHrsaSHw	1979
IHhIv3veY_eNkebQK5_EOA	1934
m2Gl3EFypIK4h8YDJ7gcXQ	2553
rzQyl74K5sDLUszXuogEEA	1247
nNlGT33M-O1rvLjPM9dhUQ	194
W5QY_07yy_K1mb02L5X7LQ	1445
3NYwF6Y3-fYq36E-4KCr_Q	443
NEABa7dT-SPnFDXSHGrv3g	575
G7Ez57aS70-3Qm9MK69sHg	280
hta7dW8YQWCb0RFwPTiTSA	2544
cglyQq_IWXEuAFKXYhNXgg	833
p5ORvfbCl50nVWOVukZRzg	1275
55i_39ne-7rpDaBrVaBd-w	439
q8aVPSHqEhqTg4ynvT1HwA	1512
doTsKLMf351aSb3a6m95HA	586
mkZAjnb6KWuL4MDPcReUqQ	2394
1viP1hdzJOydQzaZW8m9ow	824
XhM2A-zndfNiSbtOZVw4pQ	1688
Y1AUVGLKhBj_OOU9nD15Mw	592
JI2Sh4NVuc1ZKcLeTkcQKA	531
VDd76GM11DVvK7gKxFtD0g	165
Mew0lt0LvOhbNYaEevUXUA	671
bi3CHwVr85qGIxSGJ2mEfA	899
vwil7_dvmdx8cM2nElnf_Q	1795
g-Bt1AfbfpwT2gwIjRDnHQ	2375
u_7M8_XI1UZ7VgOfWd68zA	419
ySIW-6VZ-WpuxAqaePG_IQ	1993
yhEQ1Z0laahIWYzw6X5a6w	307
6RILAJRw6DLmBWVEYF3ZNQ	1787
lNstVStlXbtcrj8XNYJQqg	1034
Y7heAxz0FKwWrq8XmMMzCw	1711
52GP26lAhlvywzkIB_9qoQ	1729
ao2YhNEebjaAzzK-8ROuBA	2365
oRHcvEc6pZ9l-FFgq6zr9A	1743
jbOV66secENSq6-optuNOA	1615
5OC19x7cQbn8wKb1QvzROw	1560
mIsfRvvQiHG42DM5aTlTgg	1384
aRELjF520wlYcup8JqV49Q	1061
B5LRmT1_Mvrko1_Bu6P0ZA	648
RHkNEB3nixpJrEXu3PDltw	311
fgTlp7vTsuoIMuc2L_PTCg	1763
7cIlFK5w2jpecZQ0xHUwZA	1685
mfzSGl-FTTcYD9cy8FVn6Q	1495
4Fxx_oWPbfTsH9WsV1zw0w	2441
9ue8E0SzULGIZceg9HuowQ	1806
XUfaoQ6nZhLFq5O1Me5QwQ	1859
jH4qgT3vL9QGNZiGsGDkRA	461
MA9SgemkE_DB6CcIHFR2mA	962
XJZq9_e7B0CYUEKtyT0IRA	2530
JsovpP02NUbwuG7RRxONzw	1257
kd2CtPRaJyFySVb4VF4c0g	717
U2SRD_C1EX50V2zd1Wv2Vw	1116
WHTQTQSWxHtupi1RQBf51A	1196
IjTTkW-u357q4XdXIIroOQ	845
3Dcf_5hxPN_6l1WvukLdXw	1593
XbpaSWJOLKDVYXO1T51v4A	2015
JmGMolOfVjoOauT7U5aPWA	818
RfHvG_GwXPyL0x752xbSZQ	1026
9L02W-cPfUQvgf_uyxZWHw	1636
kmgw-fevLlTtShlVemkqcw	301
o2OoPV7IJbXIlgSAnOYhHg	1829
3oD4ftZ9zb3BDPrO047UuQ	570
0rHSVlbCZ3yG4IC3qTIYow	1819
fncMFADHtmr_y_xPBlFWqA	362
WZ0gpiJ7JXhlZpmIjF3ZTA	1986
RJJpgN5K3f394Kd4XFZyHA	1390
xD4tQEGQE6ejWpSsuhxEUQ	1489
5hJA9dI1uFKi-n3Fz0yJQQ	992
c1VGe3Qn_Lpq4jF94VfWCw	857
3wS7JXVpSjywWUGaW7wdFA	1216
yV5_9C9XkCaDZqAZrKeLfg	1852
5aMPELzpzmHtnxP0s-mejw	2162
Nk8XsUy00gH1Rlf_boJ7yg	643
i_KKYYhBA5z51HbKSOGv-g	738
io07zubawFsoR1vgkLkCiQ	2477
LKBeVN0Y-xNxCMVkEglVxA	1382
oRwR9OsIEBgL1vkkjeC8Og	898
HAbRRFDjQ6DJUI4yRE5iEA	1764
KUH84tgQUoQr_5fcX_AZcw	552
Bnhrkas_xURL6hyyGpLsww	2065
sI5HwsLzulaTk0pbYNETIQ	970
Vbdc60BfR0A7CJS5j-eVOQ	1231
03Fr1Rb5oi8Qk5TPWKikBA	2302
VHLUZFwRLdFahT6g4tgR6g	663
dgWkCgM2X0sNmRIsIqo4mg	1527
fCnh9gfmvXp8snSf3AezGw	324
CKE7bImVY81KJD8PiiuDPQ	1572
93AGvr7n_GYAunr-5tcmeA	742
MZdiy95JlrCbCoudlywNMg	793
TaHKKRj71xYnwqGVZwJCXQ	838
lVdGpjiv1-r5HUTlrlgvcA	2402
JN3X2QDmiIiD7kLd6epmXw	697
3NY5kjg_w_YsC90NPmnwvw	2505
o0HMiGWK24QzDSrR3xEKfQ	488
UykVoUsjS2KwMhiChXA7oA	1129
O_gcyOXsirhbi-kIecvxSA	1371
LcA32yH74YS2Mk7UtADgGQ	1891
pIyEX8qsab2YKO4QeKBeYA	56
f-bIhWxWrUkAm9JT5e1Z4A	1998
1i5zz4m5MVlcmTCZo8AcuQ	224
lmPEfRklEyKbGgERYlvrCQ	190
du5f7CS5V48GLqmPZhurmA	1117
RRssjNRxcYcEjabHd-VflQ	2166
u1PJ-EICeFcuGPjekAygrg	1793
dmWtrc43JaADF2YiOw6DgA	1524
r1IzFUC98uP66bbKikWM2w	1177
XORvWH1_rIDjIuTtJuTZhg	2513
QevYjxVahffbvVM53g9a0w	537
2J1TsyNJPtsCe6HGDBsFuw	1046
W83La9LaNxNO1qkFrFN2oA	1476
aYBvtFy1ipagCQhfC_lOvQ	1466
EiGhYztTgHDi8bFVanITAw	1976
NPmTW4nnaZFDIMQCmQhZIw	2268
4QHwhaulDyKQJo8ZuNiA0w	974
2m4ivlyW7tbGmJu1kEulYQ	2229
iy9V5uv9sR4gmjt0tiNHHQ	1267
tgJZKid4el4z_yfnVqPmhA	1780
SaQAoOwS2mGmZmnccYLfzw	1041
5PyitvVa22S043oOb3bvxQ	1185
2__xvBsp0kgcnPBc4Kc8Iw	1712
1RfYkPg_zadobGQyGvv_sA	2300
XVRLZEw1nyD1kaqQpwxiZA	2177
0GtyYmb-P0DlWTMDy8KNBQ	2307
tH6E43en6BaP3Ur23R5VlA	562
ZvzpdVIqgujOb2Uo_h7oog	2541
8Ktw3QHrxkO8dODaI-9ePA	760
i8T0-TaOFr7OYLrSEDLLZg	2084
JWD1HVlNmG-pRdnbe7IQ5A	2275
FWbHtEaRRv8ZPcfbFZV2Ww	1752
8QEb05oMHC1pxrDNGacHEg	2392
Qd5wThqxfznODIlb6s9rvw	1854
6JhIEExqLFwerygdq1E69w	337
43bV-HoF2ZNrWEWHpuvCqw	1869
jecBDCqcafSi7Rjss9e6sQ	1960
06fUI85LkqKd1qkdP4s_0w	1800
iPwpvZON4jnBqwT4kSYM8w	1925
uP2lsvZqORPXLLTqSc8hfA	2128
N5CZQKfsHETWiUqObEw8Bw	1408
0Ec962_zXSfImInoKwL6gg	1418
Kynntwhk7qL12BSkMWIjVQ	267
RS-x1n-0KjNkmzVef-U0Jg	704
uwap3MPRegH8zWrhgH7Iog	1154
XR_kGmaiw54Qw6s1e1uf-Q	1388
dCb5UED545JNAW37C_I_9g	642
FG-2EY4LtcjcdyR69bekgQ	2506
s2X2mwMOg2DmqqYZPIxnvA	768
ZpWTyAmBG35CLR3SAM_Wig	2121
YsFHI_3OIWSQuEk0zFUD8w	1128
xLLnlqpKFP4SqXWl-Uu0Jw	2021
j73nL2_NRbNrYnK_aUtIkw	741
fo7gpad6CeEolfNr46S51A	2369
KEC0LHSnhBTwv7SwrxyQXQ	637
ExLiYXQBtr4FFrAh9Bgmxw	1655
KwiT31vXjcZYzs_OC3mR7A	1319
tEJyGLwIvPmYW6Njgwyh6Q	2106
d9uxaGe3fGMbx5GcEwuOyw	1363
lr5fqbEkcPSjuVTefeJJxA	448
e1H_qT2xDJsYo8MvAPtQgQ	62
UprPY7YaWnZCJIUUyXIRlA	954
OHyUvulTOgQoxgqtk0nOKw	1442
HClmgwroKU6F5UJStJvnDw	686
uLhFHBbWt22UmMp90N8iiA	348
tR3Se7gGdX-7Tw0kQI_LfA	1077
CLySzV_40GnZ70gkdItjBQ	685
cKpqmu722sQ6yGJjvQzYVw	2221
rogKWHONAVZDNVcXZIIV5Q	1486
fGf62RdRWFzZnCiuV5lLGA	1084
UeLiR7XEF2go1wTuvjBOtQ	633
iWnLas5SPKZ3k-dEi5cYqw	2556
Ml60eFmJvXsKPHkN_wm-hQ	923
oYr8TwB_kPnkyOIbYgWhMQ	480
501ljrstcuX3TOq_cJzSpg	1478
_cu-lslkA_ID4YKe4tO_7Q	287
EJqvMFs6dOLLRu1_SFcl6w	1032
do82F2iiC0UXsB8x5-1_SA	919
5pBKcCM7_2nuMgXNhL0e_Q	1913
_YTK1eZDpxYgvMONzFN2vg	391
ukimPo6wJXvrWBVlhcgfBg	151
zsv0ZSlpgAfqs2mdCkWCFA	222
rJSzot2mPNMzNUpTcD7sag	1858
f-3UhOqSw-FRXpIADA06Xw	444
oqmTdDNndJPzZCwC70o24A	2436
h89iO8p4w0BlCJT4by99Jg	886
IY64BIQ1TNbsfB8bUgxnrQ	2322
6Y8V8nFW4M4VdQ7z18lp0g	338
IxnAOuKDqf6vac2sK47JrQ	1174
Ho3C0JeutrtFjxlLorodfQ	1189
07Z63FgClmAXKF29uStMkA	893
IUbBsCjepLHe4ThrdMjUgQ	285
NvnbM9QlbtLlHaxM9ZVr5Q	1602
zxKKv5isL_EFAhpIjJeE5w	2007
Wd04pTd_ex_ZWQZiwjPzyA	2289
M9Q-Pi5A0bNrj9k9Va4g2Q	1671
DK0vNVDecMMf8FbDjVJjPw	2502
TF0s6FYUxqUTQPeWa6AyKg	2563
zaOSHoUnSVT76m6VyjwYgQ	1843
hJqqI5dSpW7IZkoENym1Uw	399
InpPLHxlFVa66Q_XblLQRg	2315
ib6l_1ZzqTui8bNjXIStZA	2463
J97f0rDFu0R1C534LStAPA	1834
BcilsjUfXAJiUk-4IJlnww	1477
dvGbBh5QPtKTgoHZl86mRw	1250
inSCx3zVIZNmO3a0cBWvPg	462
J4iEaKRZ6_5wI3r1VVomQQ	478
Zp5B_Ar8sMudMG62UeLYMg	91
Y6yg0sxJjZg7m2UdF9eGZA	473
V5U1bkATVwvtcaJuPfZM2g	1809
W3khPHdQ1uZvNLLftux7-g	1910
qGO3iYSdUM0C0s6xilzjhQ	2000
DMTE-nHCFlxoFP_ZBGSeow	1608
RongcebCSyqJNWZ3UECQwA	107
MQwSyZ2MZ6N7rtAmphZCow	1798
aPH-KIrfY4Oia-oQIW3ldg	2484
yVGRY9M3oP9W6APgi9tdyQ	2432
_c_kEnudD3IdIuGCynasLA	623
n783j8R5wNKLOyaRVTAyNA	304
3OwnFZ_oEUMJNi0HU8pDNA	1170
oMRDMqk0wIni7bttUFBXuw	1469
LgbCvEqVpDRarOgtZ_5B7Q	2246
mrCLroTn4qByMMmnBJvOHA	371
nw6OLQsJfaVXsd4iZKgEYg	687
DUWx_fy2OmlUBLSq0Fj2DA	373
ROe-N9BHH0Ul7eOr17XRPw	1000
h7pjqhp0VLEo2z3aXACykw	1414
BJBC5Wrt83xU6_ia5nd-OQ	25
uNP1CLaj9rmqDW4OZLTyEA	776
O-7Tdh1cCGHXwQWWXuZ5Dw	427
XqTF2kngx9tIGj60QRmB0w	438
yCamAdiSHqi4m6cb3UXFmA	1714
PdmygRb9f3dLxL3WjrclZQ	2175
Rl_Xp1f4c0_ej5w_vjwZUA	1818
WCBHww-M18md19ZmMdbOtA	1436
FzD5_zD61AXq06_CQj26yA	980
mGoqpJwUMmkaq7zxoNoNHg	1507
fq3pIBbSVZGh1v1PIFElEw	1088
eFNHxw3R7sRErJnFHSac0w	1597
o4E_CdUkBQJUCESPTmWQGg	1628
jO8v3kD7GFKtiQrXheBjrw	1050
lWU3xQFuJX29qa33ob7i-Q	263
9245Ss1GWUSeDeQFNsgoug	5
VvsWhWtk_4ieOvGCbTaMeQ	945
LwVucgnUsODrMilSX8O1mg	1578
j1ReBrPbVeKk5BiLjPDupQ	289
rlI_yWGmUeJBHN2Bn5LRyg	1394
AJYHzLtFb4I_8eW3UufyVQ	1942
vb1t6RzuA1Hc8tGo4eLTOA	1217
i-WDuuknEyJaFd2GIDKflQ	1360
U6UdMBSWK0ExCOfZqt_o4Q	2358
MsLJn6Z9n0dviZkvydNZZQ	92
rmmRolMM4aSHgogzdBgzzQ	2387
UBc0Rk8OmodOW94ka4KcdQ	1304
NjzdFBlAFN2HWCzIFvUkJw	1482
iMhRtgmBcujK8AwV8v_h2A	2425
8KbWg_1ycr1lNoqVYd-RXg	429
Pqf2FgF5E9y-KTDihTSLCQ	1420
pu0yijX6LYmu9SIn83LQHA	308
2k8OVAPxlXHsA5X6EIoQpQ	1531
a_i0f_OA0gzd11QEiJViNg	1575
itXi4FRpWemBS-l1qGYdIg	354
-6RNPFZBxJ9ZOZvJbgJKrg	2438
S3CQUJlyS1rdjsmGs8yhCQ	309
a6edJQpI-MEg-OUTKDp3HA	1044
bBwnQOtyhRYK43qQys3KoA	1240
Za90CU0_4olyHhytca5lPA	1606
3G7TTnQsanjXJFKC3AGiDw	2137
PaakTBYTqrexl903Cb8klQ	486
06tl4bL07hKu1hauxAPwkQ	1828
MasaVL7rBjUCWub9QByIuQ	1176
vLvo5tVeBPY1gj89wCag-A	2319
yTceCYGPJNlY3Bx_-UZWig	1695
RkQ9mFvdiF-J2oS2Hi9vRQ	766
HTcf1fu_Shkz2-EvQaf8ew	1004
LvW5946m-pp1O2P3G6x1xQ	2041
KdOT3HnEJ_80Hc4lrHRw7Q	1236
m8KrNiYSzf_JxzASuf-hkA	1567
9ykSxaW7VduR08dt-c1xNw	52
LunmHtliUBM3FTfDeVM39w	393
cXZaNDkQzWm5oiiSfKrl-g	1364
eEPkjD8v2M2DoksHsVQ16A	662
DHbZfMHzwwa9ERn6frCLPg	2072
hQtFQl47KkOc2qb_wTqWVA	999
dhJ9RFgXoVCtaz_vjbDR7A	1725
SlSUdwe7pIZtLXMftASm1w	784
3nzsfJjFs96u-4vYl-Oy8w	803
_4OE0TAuHj2O8WXjigpQSw	2567
4vO286C2bIUM4bIB2ZQ7Pg	712
zsLCwzDW1hZ6iRLzhwIf1Q	1351
Kknb0J76rx-iydOx5fYIag	1698
8jVsF-aZpk9iIG5BBd2FOQ	1801
XGeRa1YOiM1yCmjT2SJZkw	553
ftttLxXB10LtHJ7v0j2hDA	2186
IMPSp8quTLaHsfnjPfbzwQ	2321
LdG24DC_4rW4KjBRqlUfAw	854
DXpCeVlpGHnLBH-kFDHlEQ	1417
oSm-TypnhQFsynr_mi8fTQ	1980
DwE0MQ-Y5-S62E3Lx8MPIQ	1879
oZHxF74AjTnhuVsbVPKW5w	1059
RXo7dyIAdfZ3hXTI9JuKoA	1974
3RbUs0uyeKyDOUpPs36dQg	2253
ai-B1iqbO5FTFnLRYW0oAg	2060
Ej0zRPn9lcyZGJmudU2wsg	482
AI6Vc0ynzS-jZlh7gUKBZg	1178
HJfAcLtm7UsT5HfqayQ8bg	472
IuivoDT_EAhdtNJam5qW0Q	116
8G6fShn0y1jZmWeHScouAw	1141
#NAME?	609
Kc00BPCo0XdZ0dWqStZshA	506
f_UyK8cdjcmhFpW_qUwvuA	1827
o_DjOu7oHL4GMkdese4g4g	1283
we0At4L5b-lDbfjU0PHV8Q	2047
ZairZxWp7wUUDR-RSXIWQw	1634
4N9MGO4qXnx2iwGOTJg-9w	2538
eizgNa4YVDaSovO4XhynkA	14
f0CweuNKt05BixPQAvE_Ig	2024
tHbMx0RHyNRXfWb6goYfrA	2159
GiA2uKrIXC65NHaqjoPmjQ	1611
zi50EG-UMITQcCZuQtIO2g	1049
ZfP11YJqTmc_RUdSXfm1tQ	2342
bLztjeVtO-BNcDm80-Ud-A	2053
Odd1PuX_r29INBC97Tt_sg	2110
yeAiHSWClHvlRh5RZncldQ	895
eWM_Piqa9Iq5mDqAh0riyQ	2384
3ClNk_CCqVCRxS8GugdAVQ	291
soTeC1dZRaok1BIoEKLXVQ	2088
Nv5Bx1YF8MITYNDWEhnh_Q	1048
qDV0hwLuHkFrtw5XNtOICQ	356
j0c-yV_CnL6A61ppG36D_g	490
_d3qJ4mV4eQNVXdqchpMFw	1762
e2PGYqTADcIYOd-sL71JXQ	460
OEa2YMwGbLxquemyy59V0g	670
Qy0s_plQU8cdfcAjdBTPAA	1545
dp5TrAO9ffrILVYY_-XRvQ	1239
M-A0U_dtEMunEx9U3Tcrpw	694
9WxVeVrRhc8hD9yMUywf3Q	20
QQKfSR3eAWPuF02E_OWzEQ	1078
hsfOqonao_uT9OT6Lo9DjQ	822
_YQH0zHMhBkOUmAp6ngVzw	2308
CqfHdb-sWR_Ni07N7s485A	988
I6slyInIMxC1qVtsVe4vug	1057
yAw8pu_pcJNma8u7fvfKMQ	1770
eITakTnlWEZLOJl0s-fpbw	1218
xpQyiRczDS2sBQbCjYwC2g	1778
CEXXosiVGIceDU7BiY1R3w	2345
uGiDcVtcrUX4s3zLJWBENw	1756
qs0oAY35tlgsXGd6aQgLEg	580
YwBdDxEguYVGgyI8KFLTWQ	1855
BGfVJ7M-uSoJCN6ScSXttA	1836
TBJrW-qiQFkhTE0R_oDT4Q	1491
dtGWHU7RzXSQ3Vcq9U63Vg	1202
iZix8RsSBXEZAioUDeEBuQ	1168
OqXM8x6j5ODOrPvxbtYVWA	1463
l95Gotolfak-UiqsYE1PxA	1968
HP4ucndcO_aAwSnQ4rGndQ	1033
CYuoS_smgsHZFL7ZrxfsyA	2155
qwZeKXY_vyoFUbo6ZyGeMw	659
QZOEYoAv8jqiaoSMqT--2Q	1106
bv2nCi5Qv5vroFiqKGopiw	2
0VmVMHnfq3Zy8fyoSAhnmw	1703
0gYLcORDT6iqxSr8rhHysA	2075
CGavx6KtPz5zstDLBocb0g	410
fY8j_8WJ-Dok3LjnNRYfyA	1273
qnRhEXhRtrTEYQt-yN8ynw	421
yYHUq_ui86CGHtzQ-rJp3w	1772
CP0cx3YyvSZFYZvfKRafWw	665
CXKb3Hi3wb4-Sqy1Iyyrow	2098
CoKkiMtHaQE5YbIyYNQpSw	757
VbCRNeeJpcjNCyzeV75Uxw	1948
l6o1MkcMj-acxzUx9hIjXA	2517
RAfhuZcxfC8AGTsxqPXr6Q	2103
8Himdlvt5NT-QIbwFg9LEQ	914
WMfZqu-cWZ03uV-NRb9AJw	1120
9Eosed6JzQPvNTYcszWQ7A	1744
UwdoumbX2bCuzbfL4AyWHg	2138
6S-k8MxLSlUQSOMPx-8v0Q	455
hckhpgmPcSy_ErJ6fwBD-w	225
ZgOI4jks1jY_bov57rOoiw	944
YljTgFp1XTae_Fx43ANilg	1392
Q7GKoxjYxZebVrxyXZq5Jw	557
GJ-iItIMeyrc7NEXzVjhvA	1080
oTz9dVELzCxLu0zDOVHP8A	1386
pF7qeawnTenyb2o8DrDAEg	2398
olXbQYhDsb9ddhJjPIdz9w	2181
j-qsoTncglVYTPwKfBhS1g	2447
ngYq1XmFQWgDQyDr6Mm0mw	542
uEYLXwdTRJxRckgWLmJ4JA	560
1ny9v8FaW5avaA8b4jYJHQ	1110
y1H6gzBN4o95xqqmYT5JiQ	396
Fj7_S3KUnAFpSe-O_NtUyA	1005
4hs_Y0j8YZTHqgGdifc_yA	353
d33EqnUbJy8RCJj7MHIT6w	2435
Mph99A-4xKHONOH4CykKQw	1146
LQq2dXI-3-LQxdwKfMydzg	1024
UykLrbp-Wo4fR5nTRqU_HQ	288
0HIZC5qSRRvHamnmB3yUDg	1361
d9wwKafTJZzVdu666MT_CQ	930
57OdYkjjM3k8e4lgfhkWPw	620
MltB07W2GpTFfmHBUD05JQ	1108
d_rjT3Q-uNfxH7oxobAXhg	763
aG5YAV0EvMQjpE1-Hnpc_w	143
m_JlNBv_lkFplkUoi8TyJQ	22
htch3DSb6Bfr1THjrJDv8A	146
_3wQ911CYto6cVU-KKGL1w	2335
UXuzG7TcwrFqpKfy5ALpyw	2522
3Kxmqx2tZIol0sB3W6cR7A	1534
O2KMtlREAo21fdOLem2Kxg	306
85j4MrTntMVk7jRUDp_gog	2188
leUuyzp2uLyUkfTmQKtszA	177
0H6OI1a7n1efUvWTJrU8Lg	1181
pSI1F88BCHdVGyv217w1zg	2225
nhZMCj1B3DRcUxc0Xuibkw	2063
j80LN_Go8kRydes4ID9mtQ	2222
woI6kHfGcq9D4NNK86dl1g	121
Q6UiV_z2Pv634VhT1OfmTA	1248
_ZKqWn7j8SKGPkDtyJDBVg	2223
mxbfK41rL8K1jkY8s7NB5A	732
aZFWlPbjJyr-DNMQGf5O5Q	852
PHI88JM-LkYbJCS6kKKWfw	1704
XqcNm9sOA5ujl4reiYwpdA	317
bK_bTI1huC4qgb8AMPXlxQ	1502
kL6zk82HKsY-OspQBnD32Q	1668
lxs1x62rdZB8-mGZq1zFIQ	707
5lqH2Tlwn7bl0F-DN4j6wg	1982
APJZG-Mt2VklE63dJOiiZQ	2020
2YKZaszb8mFydfMP90tJ5A	2529
RppPLsbAfCxhD7tWBWvwTg	1833
U_xl1qQQAk8clU2nSJAwqw	1369
lgASJ_B00PiPbLWKXHIzgw	1475
3TqJT-LdUdFvTQEBnKIP3A	286
4a8ZAp0x-nUdx3itmJrS7w	2336
jisrz5rybGV2cCGhaBiqFA	2292
BTtqvXiz-d6tTF6JyWAR1g	2401
JiThZCOTXjo8P3nPt3s9ww	2332
Ke7CzQim4yv7sHmfKSIfLg	942
kSVXsSTv0jKZH2awaWTh4w	405
qdMz1wvQtjEzb_WxFPvQaQ	2491
KGopxNhHK-GXdz1g4QOkcQ	716
DtmmnCSW73bxImz5ctKMsQ	1496
XSI3fcY195QbZ-lZtZlthQ	1947
HcMLCNdpDmLTyDlw0G68vw	231
XFmbvzhO49ZoZGOsIhXs4w	1745
hBPHT89WPI8Dd7Jc4zLJzw	779
U2kwT_cvMCxug86oOZop4A	986
t6WigFNXV655sKUT-p77ow	976
H87xP9fd9CAIsgR80PR-HA	381
Z0oT3mUbzG3wKjvkORY3-g	1832
aVY7V8THgtYSSiUTDL1nwg	1133
PjRn2dGsmASLCKB86NFqOw	1786
B9TqfNawEHSzHj4dPAWqvg	1585
l7JcD1Wi_6OUx2hm352h9g	1926
wsK-xC8RgL_phxJQ3K5uzw	122
g0elOVPkaAZqlQSfTwnN1g	1018
K7arNsUMWBsPa1xpp_ct4w	1665
W7tvSxToeuHHAuf0SR5WsQ	787
jBBHg21v8ZoLt5sfNOsFsA	63
wKUE4Ei7aTwbr3qLLY6dPg	740
S1hMbrw_vzlStF_yW74PYw	1912
3APaZNLWh2W3yvebYlZgSw	1558
r2Snztp3AhprO-vaRDEpXQ	858
AEAOtc7H5sQGrVVNdFDTig	574
CuiHp6KwMM8r97YTqdA0hg	26
RAprUzfIPgNI-Mq1jamFAg	1584
_DadX3xC28WgzTeJooWu5Q	1487
77bt53h4E4_LROWgYcEBeQ	2066
ObBDZD3Nb3x0lJYn6x3XHA	627
4FcQPVRubNxPFNNhZgg-aw	2372
5oM7gXmeX7s6T1_KlL30yQ	1504
d0yyI3jUXmvZKge--05wkA	578
HTWdjjq5jrxCWE9SAv01Mg	1238
U-CQB_YlVi1TBjS-gW2hKQ	1009
jCa4mIKkkHKYlo4dMfhGOw	2004
_tyGqdMADYVQLVLvW_C55w	547
sVer7l3TKwICjZ6liQD53Q	1970
jomA8dHIFIkSJEgDybyPIQ	2025
2TTFx4ico8WY0RftHg8Bdg	657
nr5gun7uQpr9R6cYjsQTEA	629
9zG2PRZnMGe5F29a5NK6Rw	1222
twLZ38WVQX9eiCz_WxEUZg	1991
jzyL_NlJ0CGiaeydj_qbDg	328
J11G_SUOHJv3s4FhwuWS9w	2454
hCjKdTh7yc-qW6XB8X-POA	1085
myXmrKlLjbf0NfcrlrMwTQ	364
9WnW5ccnkNcu_daUPXlETQ	1620
pMtOsVxsDtbA1uxQ4qfuBg	1733
RsYJ5dkyfimy-WEH0YnOzg	1529
R90pvkzEKVzIemjxqKermA	2514
Bj7E_P3wSSh-SVNm6oBL_g	1107
lpY8E2QaxyHj698tkcx4qg	749
M4a5UkfHvcA_HmywaPn7rA	124
VwJe7y3wI74nZPYKNxCLBQ	1100
XZ90OMjC9isrq_ZYZqt-AA	2092
rKkpHJkJ27xOwnhy_bMkvA	2327
4zIaw15hz3uMdyez07yDlw	1940
K7KpSwTUmeRm5CZ52BUkKQ	2476
WauLIVYLqOULYKGteRZoZA	2468
MHICYB28dgu7nJWfaIsx1A	1882
b4hRQPZku7CxHJ9JdRxK5Q	290
_VaNrU4I53jZ-60FrhUf_Q	2400
r8SEfPezm9YlhdBBWdGDPg	679
eZnfFVj9WBCObFVYy35CDQ	1329
oy9ue7fivNxQ-JhOnjLCwg	497
MiY1Dx8mPd_ZA6LoFBob6g	31
eJmn77bSrKjIHGp7F1MR-g	862
mX0fBhSagHvM6V6KZOInjw	1796
nW8ujzozMdCPeEhD-_QRcA	2254
Ya3grHcOUn9hyWMBm0mIQg	1996
NUupIHHIHFdywLk37Rob2Q	57
anJu4pBUwtHoaAqVNvenCQ	896
DWC_cjH135EWybwL65svYw	1649
9eqFL0abeCqaOisbwKP5sA	44
MhAaHboRucxp_c9ZQztdUA	1840
Gn6ItA6uvjc5usCTV9LXrA	2516
EOC5oPD1Xoapzv75KWcTfw	184
dU3Clrdgl_eQO-gPgPP5Fw	900
u28sy54T23dZk21va1W_vA	1710
snjvAG9CJCfhHmShCEcyWg	2294
JCttPBPuNexUHGbj6ZfJ8A	398
RtuxnkXvf93klskYd4hKbA	1773
1dUC1knZJu3nfdUGgQypLQ	1720
WhhOoUlXC9Xbw93vYzgCzQ	2069
WYbx_jE8TI4Hnwq6DbJ3nQ	2095
KG8Z-E_Ac29ofkyItTnCFg	2347
r9DthGcr9v7OU_IoBH6QmQ	2381
I-6Z0IoIbogeZxMlsF3rTA	2058
SUd0Gwv8dg6x2oUSy4lgVQ	2258
UiyhRHVSgQUyhe7ZHQ7qOg	1193
1onrc7H1U62c1wfqMOeDug	2044
OdZG-4xJch2VBRTFO2DeEg	1016
JDFKctuAshmYcaKu14cmYg	1175
2Ce_WtH1_MdU8c43VteqaA	2233
-2sPRxMJ3e_LTkUhYxwbFA	1896
zll3LTwpmtnVV0ilH37ENQ	1977
nloBMvW_NcnICb35tKGxFQ	1521
TMl4RCNNuCgmsc5aKoJqFQ	630
j8KGc4-WgDf6mXdlEzdfkQ	1295
SfifcnsfpD2YSgCqAVasrg	2356
Txvrqa8mjc8hpi5678mQzg	27
xO3N0AB9yM3oIeQs9t6wiw	496
zxuKNsouUK2zCf1GweuVNw	876
sZD7a8nUSo_Edu7fPpE2Bg	1126
YHkt9CaDt9rTDdzEelMOqg	597
UKfvoF_u2tLLaMvxaKV_Sw	660
S_EUsnF6NgiuRwVM9Q8Q1Q	1690
Vs4DC22vsNWOA9s2VncEBw	1305
LL3VS53PDS5rHwJ4SXjJaQ	2187
ANlK_Hhp7JrYutLmxeihqw	123
KeDPcBvhuO-zvWSjZY1amw	84
cS3piB7Wvmua0hVHLY1fJg	1618
0PqGg_PqWv-uNptPUzHvfA	252
ZimjKBY39Gtd283c9mgd-A	2093
uPfdKxmTHFf5sTSoHnT52w	1692
TPNEocyeeSeDKCWIzthHnA	1298
OgWCV-vO541MaIoWxPE_Gg	97
WvnjkrpWT8POkMEpe_l0ww	810
8FdfVsZYDflN6BpIQNhQ4g	330
h_cl5pe_D4B4EhavtA0sVQ	676
J5Cvck9S4CAEQMn8IRsUEQ	828
VumiKaz__3mpU6aAvB9Yjg	1689
QWZAsHkid6onVFr0nrR5bw	1428
otJymEX3LsMyS3BMn0ROdQ	1748
_MhATWV71dzNjuln7Ce2Gw	2243
b8Un5kqq-EqKMUdKH7XPeg	705
G12AtolsOCYBeOtBHhiD6Q	1145
054t6-DyDmf1C-v1mW2iqQ	2112
2e0DuJhfhluTBwmHXQ0FYg	2531
IkSGgRjSRm4nl89jNEShZw	168
oMDiEwwh3xR3jVAmZXv3Og	13
slf-Bve_vPMUedILO6L8UA	359
BHsYJnfb5gSmT4Jm1GrI-A	1728
zJrk9a9rJoQO4z2cB3eWhw	2164
CySpyv-pgOfRxZeAffpJvQ	1739
4r0NAzn9a-spJZf4hd50rA	920
im7nmkSTFzvBOQXAGxyTxQ	1989
ka4RfirCiTAigl3rq3g8KQ	853
9L0bsYOHHAZOSFrukb31ZQ	2102
5RL1VQvM1HH6clNZjll8oA	2382
yJ1zZxpLQRVq44SBBCvfoQ	1831
0v_T7XBiQpsUHIPF9Qq6KA	1446
jA_xNR7wp0qGjWJSGbTUUQ	1415
Myap6AWkIY25-dS4_DZ5-g	567
vwRhpXUpcSYaw3lKsW3VZA	1112
KMfnGzwPGwWV7McOq0482g	2064
tLSObCiYKvp9-PW0R_QWEg	534
VNdkHu0IXFu_2mERiCk5xw	829
UQjaRllJWUxfxkgGO3KSyw	51
vSITtygT8bMsSQ8Bzc9I9w	877
ZDh0IGK13bbggIdDeBa1Vg	714
hT6z_1GxrASAUZFy82c_1w	66
Cv4UmEhPUktCBglkugC-Ow	1047
_j4zBGo6LlmsiLtIcFl3Iw	1709
SH-qENHgqugLqGoHep7vXA	1186
HIXh7Qotf6-dc5uGZwHXjw	563
mYJ4p7jCKdcyBG0YE1oZsg	1073
XfO3JGnVl5P3UFgziUO3Bg	1747
VAUVbY468Ed5e1Eq0S4CfA	1561
a11orp4Ssk06YRvqGpP6OA	2129
RPaCBKavz_txAebZgqlG_g	839
Y4CXPkjQiPJ_D-cPoS6fLA	1632
ecxhMpXkNyw2YNV00MR3CQ	102
rl8RXNe5LE1fsoGSDwqpOQ	1349
_XjNjglAcbMy9nYOasXf_Q	2179
Ulem5TIIzzE9MRr4NokeZA	2469
ZrL8oi3M1b2x7WgAOlhG_w	995
wFxy-2cYpYnYG4W_Ra1UEA	750
TMRvtA4XP5zclS-VVg4n_g	248
iEJ-vwJ8MqzeDP7eDkPCnA	903
k3u4M7W6bYLkqmPGug8lGQ	650
79dJcLUHkE05Z5V6syNgxA	816
gSIew_4a7e_NPp1lTT92_g	1682
px4jN8rnr3scYy-E5PEjPg	1758
O6zyeQ0OEQ-VLbBBmcR6qg	2445
ZvOq4_jErHRaL7O7OflLvg	1652
3U4UCkLmWC68kA9O1Tnadg	2512
cAQ5WhJ3FLuubfKPRhU5kQ	2527
Ap0-JqUsibRaVSlTf_HqnA	312
lMebvYAqq2PKJmfsAD_S0g	2136
Sifza6YGw91XD2G8fHTmKQ	993
KWSJk6wn2IBsS62aSjqbgQ	2493
iiSo4uH84u65LFaHCVSsXQ	1958
wN9bfsz7F0gfjr9wjnbw9g	947
5eKoop0AUocoyPWiGkdTxg	1569
LxqdkRFLmSPUhPMiGlu1Vg	2428
zjfQ28m2cZuAEmC_AeuN5g	322
xH0LVrFE9WtUAvDTebuy4A	2125
7t_ELR1aMfD3lYIxvKLkgw	113
DJQOa50HwO7xs2pyIz6Uww	2431
mqcgVJ1SWEOz3YHdG3YNaw	1598
O7zowQhPg7imNhieyr1WpA	1631
ia8TiqYNNkJezXIFoiP7BQ	379
GGl1dBwXIobkhJM4nSoV-Q	555
9qkqagVKvTwRqIwvg89Ywg	2334
6_1EQcbDG4A09LXEJN17kg	510
N0j2T4jP6RA9WXXy0pWTYA	2363
TeVlEtVqNU5i97tpOY6zSg	621
0Nn_2BYzonPhPi6LvglG6Q	2385
027hmnDeu5pfNC4i1jN1jA	1790
2UkUCpuMHvJ2ASBw-yv6Aw	2165
eHxY1QhL79VBi4T05pcWQA	1799
jrDnMOzzsIycPYkcDOkiUA	807
YY735lf996MLdAOqElWKgw	2241
wIIr4vxXx_gPMv8fGpKM8A	406
nt11Zb2jY713btrvc15Qrw	1131
SC_7bIoAz6__dSKVYcCGfQ	1732
cvbwX_TkxxnIU9cYPbFOnA	1284
GDOedMzLP0M0SU6DlgB4cg	2423
NzqmxJqseEmvxt2Pb6hSaQ	128
WZJb20ShmWmQo5smgp0oNw	453
8P_NghdSJrg8qrhprmBE9Q	1281
eK6FpEPv2urKpEjWwR45QQ	1470
6xBgALf_e2Wb5V0MJHMn7w	1962
GqLTKz0YsSkX-DTc9oHrBg	226
abRFaJH9OgMzshBo6c9H4A	1516
59z_39OszYhrQpnIlWh9tQ	1143
3ZxC97YiDM4oTzxq1K5EOA	2456
NMKB9t65wozX1t-dbF53qw	2455
NSSP1ahp3TgTXTPqIDzxEQ	2316
ZWoDrAkMwIIpwev8OkY-ow	1318
8oTrK117n-w8W0jcBBUkDg	2204
_58sXcbiUArL-Oadj6t05A	661
FliEl-p79F2DjBpDm6_fIg	1173
gxRFn36zwrb8QBJO8cm1UA	835
IouylfE_VwSJrqEKcVPuZA	2013
XH2ODfsOkKlun61DYMfQNg	108
VK7k99UuDO30dq6PFowbCw	572
gkrus-mYTfQRlzQ7l1AFzg	477
lM6WiI3ZRuHMM5IqzzkGrg	1797
6AgLKqF1t3EBnv74MfQkVQ	2173
rbO428RzjrDrH3y49fXB3Q	639
DRDjrfODfL0a1E_NB6YKAw	1815
Z7f-kFR9lfY6D84dpw64Tw	1419
gNBmU2mN1Qf-AMSGa1qWDw	1528
Lg6U3DEJBpSNsEi52dq9Jg	2199
GWWK1fgMcCOBgevpQZN-DA	382
Jqi1RAJdpAdacNPQcHcdNQ	1274
ReiUizC1r1_kwCzGgir60A	1848
eKsWlfxjrKM5a4Ayn0bcOg	2439
C-y2DQY0aKv9v0JF7etvOw	905
vZPOoecjMOZNLDufCZgkRg	2368
KDZhF7cL_13WxADfB5h4ng	2489
pHlGsHaHKfXH5TXeyPdMoA	2152
vVVlYlOFTVQrh_94NmD-Nw	1123
gbFwBci1et6i5E-kdGMVRg	546
l4q8X_XBzdzp3SS59unzHg	1988
K8EcFpeCVOOJNYlWE6gMcQ	1337
b2eW8_KK40Q1aEfs3PjT1A	1943
S37lliEcAj38wr4A_4U4BQ	1151
1e4CMKgujUHagjQgv3NVCA	2027
2KazrkQo5zFfLcD1v_aD0A	1617
ZGrPCLajM5gS7McRSNI2AQ	754
9pG0go-FryHXpaaTatNEbA	1582
S3e2Ki2tHDkbrPp08rwwiA	2049
fELeceQH428bVpTSyVzbjg	2094
RO1GlHrwnNwj9QsuxGz5DQ	998
eWENIQllkdejEYmZf9fFsA	2182
i9GfM4coPfob-rd3OxnTPQ	996
226HhlMueqUvuTcx84CCGQ	1552
2_A7MfvLQ2wGDuIqz48_2w	511
DbKyFlwln4dwYVnJlhEE7g	2206
gk80hbOOG5fTeJwvRd10rw	2399
7oOMoXRfkmmP5BzW9_5tVA	1900
5--LkilIJAtV9QpfvXlRlQ	465
mdnX-B7L0gCWQSp1Jp3f6w	2410
wLUSHz9-TdjNPzuFNsM8sw	958
dDe8K-gvBXuqp2zXmUFotg	2518
s70CPZ_NAhLj4s1zxg7Y8A	718
1sXU4SIUvvPTYOiXMSrfsQ	2561
Hn8zwtbzjiT3831bdrOJJg	690
o3JbX8uvKusyaeFByU2J2g	479
B7UjCjuUgP5_KPtwYO-2bw	1994
8MzCC3U4YzS4xzCbBlvGcQ	389
jRkUpkVhb2GhtxckpFb2VA	1124
dMvMT0Zp0wAWunkQgKY2EA	1182
Udt09IVOQA4fHOTfyjXg2A	2520
r_cdVug4XqwM4cYKEGr6xw	361
UaK3P8mhBPNQSBGGI3VYtA	2528
cumsFu239845WwKalVFh1Q	928
MFFTDftUkNBIZQVhdrM5wg	1700
l-3Y_dddcbcGC-p5NGBdcg	1190
IYJ83R5OpA7mEvrIrAbTjw	1866
6SxPC3caO1VryAN5HcLykw	2230
vSw8GNaKpGgUoWvxg6Zi0A	1749
AH2EdfmvglGrw4xkSQv0Uw	504
itPjMzlJzn2FmuvdsVkncw	1342
_0VSve9p4tyw4H8CRaYpTA	125
cIPjz9SaiBlx9IkKx8qjsA	909
1VOybZlLLVhOi1QfGsxZ1Q	2274
kDs7g0TJBKjs35-a_FIimg	1375
LAIdQzUD4m68DHxGRsK-rg	1643
gp4C89B5sO7Ts9_t5y9jfA	2360
0aR5EUkDwyprwC2We9cKeQ	801
MVsJ-5TEImjTckf0ujWBew	1830
RDkyf2iDJgFw57DzRZawjA	2329
hZgUMWQYHkC0rtxLJb0xnQ	1296
us9Cr_IMxwYkcbpGh5eLfA	1911
bTwpQ5O_hc3-EELhF5OtvA	616
v12P6dop9Q70Vma14-3Z5w	1159
AnseT1oY8W4dyRHBCcZtQg	1317
WS4j8yhBpGzyGogtTwZuCw	1641
LOjT-lvWTPuk5dnWNqZmNQ	518
DFsjkbr__OpnB5a4ryrIUg	951
FnTmSg6gpRxLTTmdhoc5vQ	1280
Lr-U3CbZMeBkGKQmoQ4WwA	132
l-GOoVPQqvW7K8VCY9nm3Q	1397
dIivbs96Fz1z9jf4n2mOnQ	1430
Z534vubgGknHy143D0j_cw	725
AMcNzPye1qDKtZS5bySHLg	1746
Y2fBkou3spRa_39Ub4NdjQ	1118
baibi27bZPPJMVL3q6KRYA	109
2GOUz5kaoWkc4EWKemDtnw	154
g5hHzFG_4V51yBgSCHNxQw	539
0GWfZZ0tuLeUdxUnD51HdQ	2446
fdMCy78s-MKea5ToAPXrpA	2167
d6Xl40PcsMPtE1WMydEA7g	1448
ibMPcBIGgCZcpvSwQ_ilfw	2325
tN9oXeW9Lh6N8TB66bQbGQ	402
ruGIKTowtA9RoMGAjd7sqg	2213
62heijWaYfi4xRPjONznYw	2059
xj8mA0btn0-VQvLGDwhxGQ	569
HrsdARlDOrxS9J3R2IHbyw	2154
Z0qCHw6yToU2Q19RH08b4g	1483
X3CDbTRQzvQBzpntK094oQ	866
grxvsHqyHL221FYhula_iQ	1451
AStHl7m__BTiheHzpXvmRQ	598
1RDK8baapQzQtKGdqh3rWQ	636
nTUT7E9g4zTZshmAvXvZQQ	646
JL06tBQk72fwQhiI1Y8F_w	1721
5csvZtxSo1_SKJMZxIwkUg	368
ZchTKwNcA0OPGX-EnMPl0A	2219
uP3L1eE59E-7jd6vFYx8cw	2462
3D7Ie-Rmmhn1RzFrVieRZg	2267
0m1Ejg0lfjKGcxruovkEPA	536
ra7p6ivFWnnC36SibraO9w	1609
eP8qDhBbv2dPo-bmABVhAw	1303
exOg4snKF-Z17hrtErpQwQ	2283
7v1hmcO63Tz5uYV45UuMwg	423
HLK8vaZlcIxAwshlWNBLng	1136
bL_GESLpAmzEOq3Mi4Graw	2061
RH1wnSPh5A4gDkPjcqL1fg	2081
ZjK5fVTe0skKTSWUMGaQxQ	2147
jYdrxjmNr1dE4gEtB0TM1Q	2444
nVa9YJ7lZszDg4l27Lef5A	54
RhqceWeEJqWQQ_bYRSvDJA	261
97a7YUI8KRl4Xpvkr7SH0A	1206
B9F32xrhLV5EGJphD1DZjg	2046
qsLbtuXdAZlFl4OV7qbbpg	201
u8FCgFZretztV1OFTe0d0w	1509
GpZzJBb4g0F79MgIh77PlQ	2515
2j7Kvaq1tGjDUh4eT0KgPA	604
HTd6dPsMQDUQpEUqIrMGdg	59
jtksj95FPbqiWWmYFe_1Ng	104
8yVWFcMmoFrVmltkk0ywYg	1243
jbkUJaG3wGWBdctKCJg8CA	1276
wkFqL8tl3DfupIvZEjrpLA	28
qQvT_yOrSGRV3J8YpKp7rQ	476
